position_1,mutation,position_2
371,S373P,373
371,S375F,375
373,S375F,375
440,G446S,446
477,T478K,478
440,E484A,484
477,E484A,484
478,E484A,484
440,Q493R,493
477,Q493R,493
478,Q493R,493
477,G496S,496
493,G496S,496
440,Q498R,498
478,Q498R,498
493,Q498R,498
477,N501Y,501
493,N501Y,501
496,N501Y,501
498,N501Y,501
477,Y505H,505
478,Y505H,505
498,T547K,547
547,D614G,614
505,H655Y,655
547,N679K,679
614,N679K,679
679,P681H,681
679,N764K,764
764,N856K,856
679,Q954H,954
681,Q954H,954
764,N969K,969
954,N969K,969
339,G339D,371
339,G339D,373
371,S371L,373
371,S371L,375
373,S373P,375
375,S375F,417
417,K417N,440
417,K417N,498
417,K417N,679
440,N440K,498
440,N440K,679
478,T478K,493
478,T478K,498
484,E484A,493
484,E484A,498
493,Q493R,498
493,Q493R,505
496,G496S,498
496,G496S,501
501,N501Y,505
501,N501Y,547
501,N501Y,614
547,T547K,614
614,D614G,681
614,D614G,764
655,H655Y,679
655,H655Y,681
679,N679K,681
679,N679K,764
681,P681H,764
681,P681H,954
796,D796Y,856
