ref,position,mutation,1d_distance,other_position,other_amino_acid,amino_acid,3d_distance,domain,subunit,Sites Affected
A,93,T95I,2,95,T,A,6.965285,NTD,S1,22
C,15,T95I,80,95,T,C,27.407722,NTD,S1,22
C,131,T95I,36,95,T,C,28.923208,NTD,S1,22
C,166,T95I,71,95,T,C,31.619013,NTD,S1,22
D,88,T95I,7,95,T,D,23.52438,NTD,S1,22
E,96,T95I,1,95,T,E,3.8132913,NTD,S1,22
E,191,T95I,96,95,T,E,9.021442,NTD,S1,22
F,86,T95I,9,95,T,F,20.295628,NTD,S1,22
F,92,T95I,3,95,T,F,10.151516,NTD,S1,22
G,89,T95I,6,95,T,G,20.04866,NTD,S1,22
I,100,T95I,5,95,T,I,9.666762,NTD,S1,22
I,101,T95I,6,95,T,I,8.652484,NTD,S1,22
K,97,T95I,2,95,T,K,7.366158,NTD,S1,22
N,87,T95I,8,95,T,N,22.763353,NTD,S1,22
N,99,T95I,4,95,T,N,8.353942,NTD,S1,22
P,9,T95I,86,95,T,P,27.259047,NTD,S1,22
S,94,T95I,1,95,T,S,3.8064659,NTD,S1,22
S,98,T95I,3,95,T,S,9.495053,NTD,S1,22
T,500,T95I,405,95,T,T,73.14097,NTD,S1,22
V,90,T95I,5,95,T,V,16.305004,NTD,S1,22
Y,91,T95I,4,95,T,Y,13.498868,NTD,S1,22
Y,1007,T95I,912,95,T,Y,54.600822,NTD,S1,22
A,372,S371L,1,371,S,A,3.866889,RBD,S1,24
C,15,S371L,356,371,S,C,52.705994,RBD,S1,24
C,291,S371L,80,371,S,C,53.54256,RBD,S1,24
C,301,S371L,70,371,S,C,54.27033,RBD,S1,24
C,336,S371L,35,371,S,C,17.001863,RBD,S1,24
C,361,S371L,10,371,S,C,20.74822,RBD,S1,24
C,379,S371L,8,371,S,C,15.550381,RBD,S1,24
C,391,S371L,20,371,S,C,22.102818,RBD,S1,24
C,432,S371L,61,371,S,C,15.235669,RBD,S1,24
C,617,S371L,246,371,S,C,54.252907,RBD,S1,24
D,364,S371L,7,371,S,D,11.772678,RBD,S1,24
F,374,S371L,3,371,S,F,7.207831,RBD,S1,24
F,377,S371L,6,371,S,F,10.22019,RBD,S1,24
F,400,S371L,29,371,S,F,19.297289,RBD,S1,24
G,381,S371L,10,371,S,G,20.576727,RBD,S1,24
L,368,S371L,3,371,S,L,5.0871634,RBD,S1,24
N,334,S371L,37,371,S,N,20.341774,RBD,S1,24
N,343,S371L,28,371,S,N,12.676728,RBD,S1,24
N,360,S371L,11,371,S,N,23.848854,RBD,S1,24
N,544,S371L,173,371,S,N,28.874098,RBD,S1,24
P,330,S371L,41,371,S,P,26.07491,RBD,S1,24
P,384,S371L,13,371,S,P,12.518278,RBD,S1,24
V,367,S371L,4,371,S,V,5.676197,RBD,S1,24
Y,365,S371L,6,371,S,Y,10.112896,RBD,S1,24
A,372,S373P,1,373,S,A,3.8690882,RBD,S1,19
C,361,S373P,12,373,S,C,24.075052,RBD,S1,19
C,391,S373P,18,373,S,C,25.515076,RBD,S1,19
D,364,S373P,9,373,S,D,16.11091,RBD,S1,19
F,374,S373P,1,373,S,F,3.859807,RBD,S1,19
F,377,S373P,4,373,S,F,10.065619,RBD,S1,19
G,381,S373P,8,373,S,G,22.253633,RBD,S1,19
I,358,S373P,15,373,S,I,21.78554,RBD,S1,19
K,378,S373P,5,373,S,K,13.923761,RBD,S1,19
K,537,S373P,164,373,S,K,44.566494,RBD,S1,19
L,368,S373P,5,373,S,L,8.609713,RBD,S1,19
N,360,S373P,13,373,S,N,26.72468,RBD,S1,19
N,370,S373P,3,373,S,N,8.469817,RBD,S1,19
P,330,S373P,43,373,S,P,30.7752,RBD,S1,19
T,500,S373P,127,373,S,T,20.766666,RBD,S1,19
V,362,S373P,11,373,S,V,22.312376,RBD,S1,19
V,367,S373P,6,373,S,V,10.687802,RBD,S1,19
V,382,S373P,9,373,S,V,20.76042,RBD,S1,19
Y,369,S373P,4,373,S,Y,9.053018,RBD,S1,19
A,372,S375F,3,375,S,A,7.890237,RBD,S1,34
C,291,S375F,84,375,S,C,52.43428,RBD,S1,34
C,336,S375F,39,375,S,C,22.966446,RBD,S1,34
C,361,S375F,14,375,S,C,27.032751,RBD,S1,34
C,379,S375F,4,375,S,C,13.549324,RBD,S1,34
C,391,S375F,16,375,S,C,26.199165,RBD,S1,34
C,432,S375F,57,375,S,C,13.295981,RBD,S1,34
D,364,S375F,11,375,S,D,19.48519,RBD,S1,34
D,398,S375F,23,375,S,D,17.389557,RBD,S1,34
F,338,S375F,37,375,S,F,17.779346,RBD,S1,34
F,374,S375F,1,375,S,F,3.8313193,RBD,S1,34
F,377,S375F,2,375,S,F,6.972363,RBD,S1,34
F,400,S375F,25,375,S,F,15.398783,RBD,S1,34
I,402,S375F,27,375,S,I,13.898977,RBD,S1,34
K,378,S375F,3,375,S,K,10.001263,RBD,S1,34
K,386,S375F,11,375,S,K,20.223839,RBD,S1,34
K,537,S375F,162,375,S,K,47.734646,RBD,S1,34
L,368,S375F,7,375,S,L,12.107974,RBD,S1,34
L,387,S375F,12,375,S,L,20.365528,RBD,S1,34
N,334,S375F,41,375,S,N,28.12248,RBD,S1,34
N,343,S375F,32,375,S,N,15.720399,RBD,S1,34
N,370,S375F,5,375,S,N,11.564718,RBD,S1,34
N,388,S375F,13,375,S,N,20.998255,RBD,S1,34
N,394,S375F,19,375,S,N,26.651463,RBD,S1,34
P,330,S375F,45,375,S,P,34.44657,RBD,S1,34
P,384,S375F,9,375,S,P,15.388453,RBD,S1,34
S,383,S375F,8,375,S,S,15.75301,RBD,S1,34
T,376,S375F,1,375,S,T,3.865311,RBD,S1,34
T,500,S375F,125,375,S,T,19.830328,RBD,S1,34
V,367,S375F,8,375,S,V,14.964904,RBD,S1,34
W,436,S375F,61,375,S,W,5.281592,RBD,S1,34
Y,369,S375F,6,375,S,Y,10.735597,RBD,S1,34
Y,380,S375F,5,375,S,Y,16.516094,RBD,S1,34
Y,396,S375F,21,375,S,Y,21.230947,RBD,S1,34
A,419,K417N,2,417,K,A,5.696157,RBD,S1,17
C,432,K417N,15,417,K,C,17.365133,RBD,S1,17
D,389,K417N,28,417,K,D,18.68987,RBD,S1,17
D,398,K417N,19,417,K,D,17.798357,RBD,S1,17
D,405,K417N,12,417,K,D,12.367251,RBD,S1,17
D,420,K417N,3,417,K,D,5.311626,RBD,S1,17
D,427,K417N,10,417,K,D,16.527891,RBD,S1,17
D,428,K417N,11,417,K,D,15.840814,RBD,S1,17
E,406,K417N,11,417,K,E,9.164793,RBD,S1,17
I,418,K417N,1,417,K,I,3.8398492,RBD,S1,17
K,424,K417N,7,417,K,K,9.992939,RBD,S1,17
P,384,K417N,33,417,K,P,16.337465,RBD,S1,17
P,412,K417N,5,417,K,P,14.486896,RBD,S1,17
R,403,K417N,14,417,K,R,12.160412,RBD,S1,17
R,408,K417N,9,417,K,R,11.661256,RBD,S1,17
R,454,K417N,37,417,K,R,6.7830133,RBD,S1,17
R,457,K417N,40,417,K,R,9.533436,RBD,S1,17
A,575,D614G,39,614,D,A,22.343544,No Domain,S1,46
A,609,D614G,5,614,D,A,16.00762,No Domain,S1,46
A,623,D614G,9,614,D,A,15.096532,No Domain,S1,46
C,488,D614G,126,614,D,C,91.60627,No Domain,S1,46
C,525,D614G,89,614,D,C,43.934475,No Domain,S1,46
C,617,D614G,3,614,D,C,9.373001,No Domain,S1,46
C,649,D614G,35,614,D,C,7.493128,No Domain,S1,46
D,586,D614G,28,614,D,D,20.036877,No Domain,S1,46
E,619,D614G,5,614,D,E,10.495391,No Domain,S1,46
F,515,D614G,99,614,D,F,52.475964,No Domain,S1,46
F,592,D614G,22,614,D,F,6.985734,No Domain,S1,46
G,526,D614G,88,614,D,G,43.147446,No Domain,S1,46
G,593,D614G,21,614,D,G,5.408827,No Domain,S1,46
G,601,D614G,13,614,D,G,24.956177,No Domain,S1,46
I,692,D614G,78,614,D,I,21.167414,No Domain,S1,46
K,537,D614G,77,614,D,K,17.545374,No Domain,S1,46
L,513,D614G,101,614,D,L,56.14235,No Domain,S1,46
L,611,D614G,3,614,D,L,9.188074,No Domain,S1,46
L,699,D614G,85,614,D,L,25.57689,No Domain,S1,46
M,697,D614G,83,614,D,M,20.547703,No Domain,S1,46
N,616,D614G,2,614,D,N,6.9815946,No Domain,S1,46
P,330,D614G,284,614,D,P,36.27038,No Domain,S1,46
P,521,D614G,93,614,D,P,45.498245,No Domain,S1,46
P,561,D614G,53,614,D,P,35.93549,No Domain,S1,46
P,600,D614G,14,614,D,P,22.995794,No Domain,S1,46
P,631,D614G,17,614,D,P,24.54818,No Domain,S1,46
P,728,D614G,114,614,D,P,25.570763,No Domain,S1,46
Q,564,D614G,50,614,D,Q,30.821545,No Domain,S1,46
Q,607,D614G,7,614,D,Q,23.085781,No Domain,S1,46
Q,613,D614G,1,614,D,Q,3.8527699,No Domain,S1,46
R,577,D614G,37,614,D,R,28.245434,No Domain,S1,46
R,634,D614G,20,614,D,R,19.933134,No Domain,S1,46
R,646,D614G,32,614,D,R,9.764826,No Domain,S1,46
T,500,D614G,114,614,D,T,80.92859,No Domain,S1,46
T,604,D614G,10,614,D,T,29.06242,No Domain,S1,46
T,723,D614G,109,614,D,T,40.00347,No Domain,S1,46
T,724,D614G,110,614,D,T,36.259632,No Domain,S1,46
T,739,D614G,125,614,D,T,18.189234,No Domain,S1,46
V,597,D614G,17,614,D,V,14.27515,No Domain,S1,46
V,608,D614G,6,614,D,V,19.33455,No Domain,S1,46
V,615,D614G,1,614,D,V,3.810032,No Domain,S1,46
V,620,D614G,6,614,D,V,11.597837,No Domain,S1,46
V,622,D614G,8,614,D,V,15.797309,No Domain,S1,46
V,642,D614G,28,614,D,V,15.156313,No Domain,S1,46
Y,612,D614G,2,614,D,Y,6.11748,No Domain,S1,46
Y,660,D614G,46,614,D,Y,25.076597,No Domain,S1,46
A,684,P681H,3,681,P,A,5.146406,No Domain,S1,28
A,694,P681H,13,681,P,A,18.433,No Domain,S1,28
A,706,P681H,25,681,P,A,41.62247,No Domain,S1,28
C,617,P681H,64,681,P,C,27.929754,No Domain,S1,28
C,649,P681H,32,681,P,C,26.44376,No Domain,S1,28
C,662,P681H,19,681,P,C,24.513483,No Domain,S1,28
C,671,P681H,10,681,P,C,23.286392,No Domain,S1,28
D,571,P681H,110,681,P,D,51.643467,No Domain,S1,28
G,526,P681H,155,681,P,G,70.509125,No Domain,S1,28
G,700,P681H,19,681,P,G,28.390368,No Domain,S1,28
H,625,P681H,56,681,P,H,32.935135,No Domain,S1,28
H,1159,P681H,478,681,P,H,99.62213,No Domain,S1,28
I,670,P681H,11,681,P,I,25.09814,No Domain,S1,28
I,692,P681H,11,681,P,I,14.589611,No Domain,S1,28
M,697,P681H,16,681,P,M,24.500317,No Domain,S1,28
N,710,P681H,29,681,P,N,52.55333,No Domain,S1,28
P,330,P681H,351,681,P,P,65.42914,No Domain,S1,28
P,809,P681H,128,681,P,P,40.174946,No Domain,S1,28
Q,675,P681H,6,681,P,Q,12.627725,No Domain,S1,28
Q,677,P681H,4,681,P,Q,8.514765,No Domain,S1,28
R,683,P681H,2,681,P,R,5.325115,No Domain,S1,28
R,685,P681H,4,681,P,R,6.069196,No Domain,S1,28
S,708,P681H,27,681,P,S,48.24929,No Domain,S1,28
T,678,P681H,3,681,P,T,6.759889,No Domain,S1,28
T,724,P681H,43,681,P,T,40.67697,No Domain,S1,28
T,739,P681H,58,681,P,T,45.444187,No Domain,S1,28
Y,674,P681H,7,681,P,Y,15.740427,No Domain,S1,28
Y,695,P681H,14,681,P,Y,19.913763,No Domain,S1,28
A,766,N764K,2,764,N,A,5.5243063,No Domain,S2,31
A,783,N764K,19,764,N,A,27.890057,No Domain,S2,31
E,780,N764K,16,764,N,E,24.154392,No Domain,S2,31
G,769,N764K,5,764,N,G,8.507045,No Domain,S2,31
I,770,N764K,6,764,N,I,10.2233,No Domain,S2,31
I,788,N764K,24,764,N,I,36.25764,No Domain,S2,31
K,776,N764K,12,764,N,K,18.35625,No Domain,S2,31
K,786,N764K,22,764,N,K,34.233624,No Domain,S2,31
K,790,N764K,26,764,N,K,41.648598,No Domain,S2,31
K,835,N764K,71,764,N,K,20.223665,No Domain,S2,31
L,727,N764K,37,764,N,L,26.664215,No Domain,S2,31
L,754,N764K,10,764,N,L,15.005422,No Domain,S2,31
L,763,N764K,1,764,N,L,3.8324327,No Domain,S2,31
M,731,N764K,33,764,N,M,16.749266,No Domain,S2,31
N,777,N764K,13,764,N,N,20.088322,No Domain,S2,31
P,728,N764K,36,764,N,P,24.336592,No Domain,S2,31
Q,762,N764K,2,764,N,Q,5.6411586,No Domain,S2,31
Q,774,N764K,10,764,N,Q,15.61764,No Domain,S2,31
Q,779,N764K,15,764,N,Q,22.850153,No Domain,S2,31
Q,836,N764K,72,764,N,Q,20.621174,No Domain,S2,31
R,765,N764K,1,764,N,R,3.8591008,No Domain,S2,31
T,723,N764K,41,764,N,T,35.778255,No Domain,S2,31
T,724,N764K,40,764,N,T,33.295143,No Domain,S2,31
T,734,N764K,30,764,N,T,9.761193,No Domain,S2,31
T,739,N764K,25,764,N,T,10.3055725,No Domain,S2,31
T,778,N764K,14,764,N,T,21.679405,No Domain,S2,31
T,791,N764K,27,764,N,T,44.195095,No Domain,S2,31
V,772,N764K,8,764,N,V,12.142063,No Domain,S2,31
V,781,N764K,17,764,N,V,26.096207,No Domain,S2,31
Y,695,N764K,69,764,N,Y,27.471807,No Domain,S2,31
Y,789,N764K,25,764,N,Y,39.596684,No Domain,S2,31
A,845,N856K,11,856,N,A,14.956726,No Domain,S2,27
A,852,N856K,4,856,N,A,7.429452,No Domain,S2,27
A,879,N856K,23,856,N,A,45.053677,No Domain,S2,27
D,867,N856K,11,856,N,D,27.231684,No Domain,S2,27
E,1111,N856K,255,856,N,E,68.77992,No Domain,S2,27
F,855,N856K,1,856,N,F,3.8847492,No Domain,S2,27
G,838,N856K,18,856,N,G,17.034456,No Domain,S2,27
K,835,N856K,21,856,N,K,14.134893,No Domain,S2,27
K,854,N856K,2,856,N,K,5.406007,No Domain,S2,27
K,933,N856K,77,856,N,K,45.862522,No Domain,S2,27
K,1181,N856K,325,856,N,K,150.4149,No Domain,S2,27
L,828,N856K,28,856,N,L,20.01671,No Domain,S2,27
L,841,N856K,15,856,N,L,17.670988,No Domain,S2,27
L,865,N856K,9,856,N,L,26.389463,No Domain,S2,27
L,948,N856K,92,856,N,L,27.236877,No Domain,S2,27
N,824,N856K,32,856,N,N,29.340889,No Domain,S2,27
P,330,N856K,526,856,N,P,28.414446,No Domain,S2,27
Q,836,N856K,20,856,N,Q,11.61022,No Domain,S2,27
Q,853,N856K,3,856,N,Q,5.794408,No Domain,S2,27
Q,872,N856K,16,856,N,Q,35.539585,No Domain,S2,27
Q,895,N856K,39,856,N,Q,55.030365,No Domain,S2,27
Q,926,N856K,70,856,N,Q,54.535595,No Domain,S2,27
Q,1002,N856K,146,856,N,Q,17.241653,No Domain,S2,27
Q,1005,N856K,149,856,N,Q,16.583593,No Domain,S2,27
T,859,N856K,3,856,N,T,8.377025,No Domain,S2,27
V,1065,N856K,209,856,N,V,47.507122,No Domain,S2,27
Y,789,N856K,67,856,N,Y,44.40034,No Domain,S2,27
A,852,D796Y,56,796,D,A,52.460968,FP,S2,38
D,808,D796Y,12,796,D,D,16.74605,FP,S2,38
F,797,D796Y,1,796,D,F,3.8495522,FP,S2,38
G,798,D796Y,2,796,D,G,5.486227,FP,S2,38
G,799,D796Y,3,796,D,G,6.281795,FP,S2,38
I,770,D796Y,26,796,D,I,44.93003,FP,S2,38
I,788,D796Y,8,796,D,I,20.721449,FP,S2,38
K,776,D796Y,20,796,D,K,37.023586,FP,S2,38
K,786,D796Y,10,796,D,K,25.45439,FP,S2,38
K,790,D796Y,6,796,D,K,14.900991,FP,S2,38
K,795,D796Y,1,796,D,K,3.8481572,FP,S2,38
K,811,D796Y,15,796,D,K,22.431643,FP,S2,38
K,835,D796Y,39,796,D,K,45.160378,FP,S2,38
K,854,D796Y,58,796,D,K,50.826366,FP,S2,38
K,964,D796Y,168,796,D,K,57.73666,FP,S2,38
L,828,D796Y,32,796,D,L,38.064915,FP,S2,38
P,330,D796Y,466,796,D,P,76.973625,FP,S2,38
P,728,D796Y,68,796,D,P,33.562702,FP,S2,38
P,792,D796Y,4,796,D,P,9.263544,FP,S2,38
P,793,D796Y,3,796,D,P,9.59204,FP,S2,38
P,809,D796Y,13,796,D,P,18.789488,FP,S2,38
Q,762,D796Y,34,796,D,Q,56.407387,FP,S2,38
Q,774,D796Y,22,796,D,Q,38.52626,FP,S2,38
Q,779,D796Y,17,796,D,Q,32.039734,FP,S2,38
Q,784,D796Y,12,796,D,Q,26.67751,FP,S2,38
Q,787,D796Y,9,796,D,Q,23.357424,FP,S2,38
Q,804,D796Y,8,796,D,Q,14.718204,FP,S2,38
Q,872,D796Y,76,796,D,Q,21.960526,FP,S2,38
R,765,D796Y,31,796,D,R,52.886444,FP,S2,38
T,723,D796Y,73,796,D,T,24.038942,FP,S2,38
T,734,D796Y,62,796,D,T,45.956257,FP,S2,38
T,778,D796Y,18,796,D,T,32.409008,FP,S2,38
T,791,D796Y,5,796,D,T,11.139591,FP,S2,38
V,781,D796Y,15,796,D,V,29.495684,FP,S2,38
V,785,D796Y,11,796,D,V,23.95668,FP,S2,38
V,1061,D796Y,265,796,D,V,25.200165,FP,S2,38
Y,789,D796Y,7,796,D,Y,17.117361,FP,S2,38
Y,1007,D796Y,211,796,D,Y,53.533825,FP,S2,38
A,1080,N969K,111,969,N,A,80.143295,HR1,S2,43
E,1072,N969K,103,969,N,E,70.899704,HR1,S2,43
E,1092,N969K,123,969,N,E,76.15628,HR1,S2,43
E,1202,N969K,233,969,N,E,191.08708,HR1,S2,43
F,855,N969K,114,969,N,F,20.57058,HR1,S2,43
F,1052,N969K,83,969,N,F,53.217896,HR1,S2,43
G,1167,N969K,198,969,N,G,140.24957,HR1,S2,43
G,1223,N969K,254,969,N,G,218.76923,HR1,S2,43
H,1058,N969K,89,969,N,H,36.168907,HR1,S2,43
H,1083,N969K,114,969,N,H,89.93467,HR1,S2,43
I,909,N969K,60,969,N,I,65.74794,HR1,S2,43
I,1013,N969K,44,969,N,I,27.783573,HR1,S2,43
K,933,N969K,36,969,N,K,54.911312,HR1,S2,43
K,964,N969K,5,969,N,K,11.472974,HR1,S2,43
K,1181,N969K,212,969,N,K,160.00272,HR1,S2,43
L,948,N969K,21,969,N,L,35.770634,HR1,S2,43
N,978,N969K,9,969,N,N,13.11389,HR1,S2,43
N,1074,N969K,105,969,N,N,75.24093,HR1,S2,43
N,1119,N969K,150,969,N,N,83.28332,HR1,S2,43
P,330,N969K,639,969,N,P,27.878117,HR1,S2,43
P,792,N969K,177,969,N,P,64.99914,HR1,S2,43
P,1143,N969K,174,969,N,P,100.73607,HR1,S2,43
Q,774,N969K,195,969,N,Q,34.69954,HR1,S2,43
Q,836,N969K,133,969,N,Q,28.517908,HR1,S2,43
Q,965,N969K,4,969,N,Q,8.719821,HR1,S2,43
Q,1005,N969K,36,969,N,Q,17.697767,HR1,S2,43
Q,1180,N969K,211,969,N,Q,158.32161,HR1,S2,43
S,708,N969K,261,969,N,S,71.35215,HR1,S2,43
S,943,N969K,26,969,N,S,38.462826,HR1,S2,43
S,967,N969K,2,969,N,S,6.6116586,HR1,S2,43
S,968,N969K,1,969,N,S,3.8365667,HR1,S2,43
S,982,N969K,13,969,N,S,16.100214,HR1,S2,43
S,1003,N969K,34,969,N,S,12.639663,HR1,S2,43
S,1021,N969K,52,969,N,S,38.62779,HR1,S2,43
T,734,N969K,235,969,N,T,25.917505,HR1,S2,43
T,739,N969K,230,969,N,T,17.665136,HR1,S2,43
T,961,N969K,8,969,N,T,15.02488,HR1,S2,43
V,963,N969K,6,969,N,V,13.589358,HR1,S2,43
V,976,N969K,7,969,N,V,8.223791,HR1,S2,43
V,1065,N969K,96,969,N,V,56.92303,HR1,S2,43
Y,904,N969K,65,969,N,Y,68.58277,HR1,S2,43
Y,917,N969K,52,969,N,Y,74.51569,HR1,S2,43
Y,1007,N969K,38,969,N,Y,18.390644,HR1,S2,43
C,15,A67V,52,67,A,C,20.004297,NTD,S1,14
F,65,A67V,2,67,A,F,7.1352353,NTD,S1,14
G,72,A67V,5,67,A,G,12.951411,NTD,S1,14
G,75,A67V,8,67,A,G,10.779835,NTD,S1,14
H,66,A67V,1,67,A,H,3.818752,NTD,S1,14
I,68,A67V,1,67,A,I,3.7999964,NTD,S1,14
K,77,A67V,10,67,A,K,7.3749804,NTD,S1,14
N,74,A67V,7,67,A,N,13.782832,NTD,S1,14
P,9,A67V,58,67,A,P,17.013338,NTD,S1,14
P,330,A67V,263,67,A,P,42.0394,NTD,S1,14
S,71,A67V,4,67,A,S,9.133246,NTD,S1,14
T,73,A67V,6,67,A,T,13.627698,NTD,S1,14
V,62,A67V,5,67,A,V,17.169397,NTD,S1,14
W,64,A67V,3,67,A,W,10.813869,NTD,S1,14
C,166,G142D,24,142,G,C,22.923672,NTD,S1,19
D,138,G142D,4,142,G,D,13.373278,NTD,S1,19
E,132,G142D,10,142,G,E,22.307861,NTD,S1,19
E,154,G142D,12,142,G,E,5.6526375,NTD,S1,19
E,156,G142D,14,142,G,E,4.2837486,NTD,S1,19
E,169,G142D,27,142,G,E,21.38,NTD,S1,19
F,140,G142D,2,142,G,F,7.1527157,NTD,S1,19
H,146,G142D,4,142,G,H,10.09786,NTD,S1,19
K,129,G142D,13,142,G,K,18.738144,NTD,S1,19
K,147,G142D,5,142,G,K,12.359415,NTD,S1,19
K,150,G142D,8,142,G,K,13.100311,NTD,S1,19
L,141,G142D,1,142,G,L,3.816423,NTD,S1,19
N,137,G142D,5,142,G,N,16.31351,NTD,S1,19
N,148,G142D,6,142,G,N,10.8412,NTD,S1,19
N,149,G142D,7,142,G,N,11.368831,NTD,S1,19
P,139,G142D,3,142,G,P,10.841062,NTD,S1,19
S,151,G142D,9,142,G,S,10.814105,NTD,S1,19
S,155,G142D,13,142,G,S,3.8625143,NTD,S1,19
V,130,G142D,12,142,G,V,21.323984,NTD,S1,19
C,291,G339D,48,339,G,C,49.967987,RBD,S1,23
C,336,G339D,3,339,G,C,8.622506,RBD,S1,23
C,361,G339D,22,339,G,C,13.964325,RBD,S1,23
C,379,G339D,40,339,G,C,18.761219,RBD,S1,23
C,391,G339D,52,339,G,C,19.548557,RBD,S1,23
C,432,G339D,93,339,G,C,16.143406,RBD,S1,23
D,364,G339D,25,339,G,D,10.839654,RBD,S1,23
E,309,G339D,30,339,G,E,63.691048,RBD,S1,23
E,324,G339D,15,339,G,E,35.999466,RBD,S1,23
E,340,G339D,1,339,G,E,3.8502715,RBD,S1,23
F,338,G339D,1,339,G,F,3.8398683,RBD,S1,23
F,342,G339D,3,339,G,F,5.2341046,RBD,S1,23
F,392,G339D,53,339,G,F,19.33437,RBD,S1,23
K,537,G339D,198,339,G,K,41.675438,RBD,S1,23
L,335,G339D,4,339,G,L,9.747621,RBD,S1,23
L,368,G339D,29,339,G,L,9.161188,RBD,S1,23
N,334,G339D,5,339,G,N,13.252395,RBD,S1,23
N,360,G339D,21,339,G,N,16.102156,RBD,S1,23
P,330,G339D,9,339,G,P,22.699863,RBD,S1,23
P,337,G339D,2,339,G,P,5.511801,RBD,S1,23
R,328,G339D,11,339,G,R,27.299135,RBD,S1,23
R,357,G339D,18,339,G,R,13.408547,RBD,S1,23
V,341,G339D,2,339,G,V,5.6072273,RBD,S1,23
C,361,G446S,85,446,G,C,42.31403,RBD,S1,11
F,515,G446S,69,446,G,F,36.1116,RBD,S1,11
G,447,G446S,1,446,G,G,3.858858,RBD,S1,11
K,444,G446S,2,446,G,K,5.6798105,RBD,S1,11
L,513,G446S,67,446,G,L,33.081802,RBD,S1,11
N,439,G446S,7,446,G,N,13.571646,RBD,S1,11
N,450,G446S,4,446,G,N,12.079611,RBD,S1,11
P,330,G446S,116,446,G,P,52.12853,RBD,S1,11
T,500,G446S,54,446,G,T,10.362272,RBD,S1,11
V,445,G446S,1,446,G,V,3.8622537,RBD,S1,11
Y,449,G446S,3,446,G,Y,9.380132,RBD,S1,11
C,391,Q493R,102,493,Q,C,29.477695,RBD,S1,16
C,480,Q493R,13,493,Q,C,19.190058,RBD,S1,16
D,442,Q493R,51,493,Q,D,16.468195,RBD,S1,16
D,467,Q493R,26,493,Q,D,14.206124,RBD,S1,16
E,465,Q493R,28,493,Q,E,19.093544,RBD,S1,16
E,471,Q493R,22,493,Q,E,13.223469,RBD,S1,16
F,490,Q493R,3,493,Q,F,7.777824,RBD,S1,16
F,497,Q493R,4,493,Q,F,12.6424,RBD,S1,16
F,515,Q493R,22,493,Q,F,26.197828,RBD,S1,16
G,476,Q493R,17,493,Q,G,18.85128,RBD,S1,16
K,424,Q493R,69,493,Q,K,17.81138,RBD,S1,16
K,458,Q493R,35,493,Q,K,15.798677,RBD,S1,16
L,492,Q493R,1,493,Q,L,3.8449035,RBD,S1,16
L,513,Q493R,20,493,Q,L,24.586418,RBD,S1,16
T,500,Q493R,7,493,Q,T,20.189507,RBD,S1,16
Y,495,Q493R,2,493,Q,Y,6.741721,RBD,S1,16
C,432,N440K,8,440,N,C,24.316858,RBD,S1,9
C,488,N440K,48,440,N,C,35.665726,RBD,S1,9
D,442,N440K,2,440,N,D,6.4027586,RBD,S1,9
E,406,N440K,34,440,N,E,18.496199,RBD,S1,9
G,476,N440K,36,440,N,G,33.721176,RBD,S1,9
N,439,N440K,1,440,N,N,3.8595128,RBD,S1,9
P,330,N440K,110,440,N,P,40.194607,RBD,S1,9
R,454,N440K,14,440,N,R,24.465189,RBD,S1,9
R,466,N440K,26,440,N,R,28.426924,RBD,S1,9
C,480,Q498R,18,498,Q,C,33.732533,RBD,S1,12
C,488,Q498R,10,498,Q,C,28.4273,RBD,S1,12
D,467,Q498R,31,498,Q,D,27.331728,RBD,S1,12
E,465,Q498R,33,498,Q,E,30.266617,RBD,S1,12
E,471,Q498R,27,498,Q,E,28.422937,RBD,S1,12
E,516,Q498R,18,498,Q,E,34.08832,RBD,S1,12
F,497,Q498R,1,498,Q,F,3.823047,RBD,S1,12
G,502,Q498R,4,498,Q,G,9.392029,RBD,S1,12
P,330,Q498R,168,498,Q,P,48.536346,RBD,S1,12
R,509,Q498R,11,498,Q,R,15.192315,RBD,S1,12
T,500,Q498R,2,498,Q,T,5.3651447,RBD,S1,12
Y,495,Q498R,3,498,Q,Y,9.564721,RBD,S1,12
C,480,T478K,2,478,T,C,6.6502843,RBD,S1,11
D,442,T478K,36,478,T,D,29.08317,RBD,S1,11
E,465,T478K,13,478,T,E,28.335184,RBD,S1,11
F,515,T478K,37,478,T,F,26.710184,RBD,S1,11
G,476,T478K,2,478,T,G,5.8517,RBD,S1,11
G,482,T478K,4,478,T,G,11.880446,RBD,S1,11
P,330,T478K,148,478,T,P,29.978117,RBD,S1,11
P,479,T478K,1,478,T,P,3.865943,RBD,S1,11
R,466,T478K,12,478,T,R,26.815426,RBD,S1,11
S,469,T478K,9,478,T,S,19.779058,RBD,S1,11
T,500,T478K,22,478,T,T,31.710222,RBD,S1,11
C,488,E484A,4,484,E,C,5.0346255,RBD,S1,19
F,486,E484A,2,484,E,F,7.280002,RBD,S1,19
G,476,E484A,8,484,E,G,12.371601,RBD,S1,19
G,482,E484A,2,484,E,G,7.0209384,RBD,S1,19
G,485,E484A,1,484,E,G,3.8497086,RBD,S1,19
K,444,E484A,40,484,E,K,28.68973,RBD,S1,19
K,458,E484A,26,484,E,K,16.423277,RBD,S1,19
K,462,E484A,22,484,E,K,27.493319,RBD,S1,19
L,513,E484A,29,484,E,L,25.111155,RBD,S1,19
N,481,E484A,3,484,E,N,8.901247,RBD,S1,19
N,544,E484A,60,484,E,N,39.23998,RBD,S1,19
P,330,E484A,154,484,E,P,38.898293,RBD,S1,19
P,384,E484A,100,484,E,P,19.375992,RBD,S1,19
P,491,E484A,7,484,E,P,10.369158,RBD,S1,19
P,521,E484A,37,484,E,P,40.083923,RBD,S1,19
R,466,E484A,18,484,E,R,23.68028,RBD,S1,19
R,509,E484A,25,484,E,R,23.082695,RBD,S1,19
T,500,E484A,16,484,E,T,28.455812,RBD,S1,19
V,510,E484A,26,484,E,V,22.302174,RBD,S1,19
C,488,Y505H,17,505,Y,C,26.489702,RBD,S1,13
F,515,Y505H,10,505,Y,F,26.295322,RBD,S1,13
G,476,Y505H,29,505,Y,G,30.11055,RBD,S1,13
G,502,Y505H,3,505,Y,G,5.3903728,RBD,S1,13
G,504,Y505H,1,505,Y,G,3.8801885,RBD,S1,13
G,526,Y505H,21,505,Y,G,34.40552,RBD,S1,13
L,513,Y505H,8,505,Y,L,24.620209,RBD,S1,13
L,517,Y505H,12,505,Y,L,28.405687,RBD,S1,13
P,507,Y505H,2,505,Y,P,6.57276,RBD,S1,13
R,577,Y505H,72,505,Y,R,54.09213,RBD,S1,13
T,500,Y505H,5,505,Y,T,9.268209,RBD,S1,13
V,510,Y505H,5,505,Y,V,14.658633,RBD,S1,13
V,512,Y505H,7,505,Y,V,20.956331,RBD,S1,13
C,525,G496S,29,496,G,C,36.82135,RBD,S1,18
C,617,G496S,121,496,G,C,68.13633,RBD,S1,18
F,515,G496S,19,496,G,F,29.956608,RBD,S1,18
G,476,G496S,20,496,G,G,27.458492,RBD,S1,18
G,482,G496S,14,496,G,G,25.675182,RBD,S1,18
G,504,G496S,8,496,G,G,12.059751,RBD,S1,18
K,537,G496S,41,496,G,K,56.92551,RBD,S1,18
L,513,G496S,17,496,G,L,27.04336,RBD,S1,18
L,517,G496S,21,496,G,L,33.78684,RBD,S1,18
N,481,G496S,15,496,G,N,28.908571,RBD,S1,18
P,330,G496S,166,496,G,P,47.975983,RBD,S1,18
P,491,G496S,5,496,G,P,16.433092,RBD,S1,18
S,469,G496S,27,496,G,S,21.410744,RBD,S1,18
S,494,G496S,2,496,G,S,6.3521004,RBD,S1,18
T,500,G496S,4,496,G,T,10.851198,RBD,S1,18
V,510,G496S,14,496,G,V,17.463434,RBD,S1,18
V,511,G496S,15,496,G,V,20.852888,RBD,S1,18
Y,495,G496S,1,496,G,Y,3.8380857,RBD,S1,18
C,617,T547K,70,547,T,C,28.306437,No Domain,S1,30
D,568,T547K,21,547,T,D,17.02138,No Domain,S1,30
D,571,T547K,24,547,T,D,12.565233,No Domain,S1,30
E,516,T547K,31,547,T,E,27.546822,No Domain,S1,30
E,583,T547K,36,547,T,E,17.463036,No Domain,S1,30
E,619,T547K,72,547,T,E,23.81134,No Domain,S1,30
F,515,T547K,32,547,T,F,28.019726,No Domain,S1,30
F,543,T547K,4,547,T,F,6.5527887,No Domain,S1,30
G,526,T547K,21,547,T,G,19.155687,No Domain,S1,30
G,545,T547K,2,547,T,G,5.531527,No Domain,S1,30
K,528,T547K,19,547,T,K,14.5487175,No Domain,S1,30
K,537,T547K,10,547,T,K,15.869845,No Domain,S1,30
K,558,T547K,11,547,T,K,23.404123,No Domain,S1,30
L,513,T547K,34,547,T,L,31.845762,No Domain,S1,30
L,517,T547K,30,547,T,L,25.485998,No Domain,S1,30
L,546,T547K,1,547,T,L,3.813605,No Domain,S1,30
L,585,T547K,38,547,T,L,14.341524,No Domain,S1,30
N,532,T547K,15,547,T,N,15.951239,No Domain,S1,30
N,536,T547K,11,547,T,N,17.379465,No Domain,S1,30
N,540,T547K,7,547,T,N,7.6549726,No Domain,S1,30
N,542,T547K,5,547,T,N,4.533981,No Domain,S1,30
N,544,T547K,3,547,T,N,8.115794,No Domain,S1,30
N,556,T547K,9,547,T,N,22.06758,No Domain,S1,30
P,521,T547K,26,547,T,P,21.789516,No Domain,S1,30
P,561,T547K,14,547,T,P,21.78015,No Domain,S1,30
R,509,T547K,38,547,T,R,43.15112,No Domain,S1,30
R,567,T547K,20,547,T,R,14.173774,No Domain,S1,30
R,577,T547K,30,547,T,R,13.323424,No Domain,S1,30
T,549,T547K,2,547,T,T,7.3958855,No Domain,S1,30
V,511,T547K,36,547,T,V,37.267525,No Domain,S1,30
C,649,H655Y,6,655,H,C,12.1786,No Domain,S1,22
C,671,H655Y,16,655,H,C,10.434539,No Domain,S1,22
D,663,H655Y,8,655,H,D,14.4976,No Domain,S1,22
E,654,H655Y,1,655,H,E,3.8411484,No Domain,S1,22
E,661,H655Y,6,655,H,E,15.2648115,No Domain,S1,22
F,643,H655Y,12,655,H,F,7.0042706,No Domain,S1,22
G,652,H655Y,3,655,H,G,9.857545,No Domain,S1,22
G,669,H655Y,14,655,H,G,13.652551,No Domain,S1,22
H,625,H655Y,30,655,H,H,25.807367,No Domain,S1,22
I,651,H655Y,4,655,H,I,10.190086,No Domain,S1,22
L,650,H655Y,5,655,H,L,9.682462,No Domain,S1,22
N,657,H655Y,2,655,H,N,6.891757,No Domain,S1,22
N,658,H655Y,3,655,H,N,9.718883,No Domain,S1,22
P,330,H655Y,325,655,H,P,52.672462,No Domain,S1,22
P,809,H655Y,154,655,H,P,27.28901,No Domain,S1,22
Q,644,H655Y,11,655,H,Q,9.72829,No Domain,S1,22
R,646,H655Y,9,655,H,R,12.70708,No Domain,S1,22
V,642,H655Y,13,655,H,V,8.681171,No Domain,S1,22
V,656,H655Y,1,655,H,V,3.8537884,No Domain,S1,22
Y,660,H655Y,5,655,H,Y,12.877605,No Domain,S1,22
Y,674,H655Y,19,655,H,Y,12.202635,No Domain,S1,22
Y,695,H655Y,40,655,H,Y,6.166387,No Domain,S1,22
D,571,N501Y,70,501,N,D,57.642036,RBD,S1,17
F,497,N501Y,4,501,N,F,7.0541863,RBD,S1,17
G,476,N501Y,25,501,N,G,32.570526,RBD,S1,17
G,502,N501Y,1,501,N,G,3.8419971,RBD,S1,17
G,504,N501Y,3,501,N,G,7.954474,RBD,S1,17
L,513,N501Y,12,501,N,L,28.602139,RBD,S1,17
L,517,N501Y,16,501,N,L,32.239536,RBD,S1,17
N,360,N501Y,141,501,N,N,41.491898,RBD,S1,17
N,544,N501Y,43,501,N,N,48.965256,RBD,S1,17
P,491,N501Y,10,501,N,P,24.218292,RBD,S1,17
P,499,N501Y,2,501,N,P,5.656986,RBD,S1,17
P,507,N501Y,6,501,N,P,8.998458,RBD,S1,17
T,500,N501Y,1,501,N,T,3.8657737,RBD,S1,17
V,503,N501Y,2,501,N,V,6.4257965,RBD,S1,17
V,511,N501Y,10,501,N,V,22.161398,RBD,S1,17
V,512,N501Y,11,501,N,V,25.125343,RBD,S1,17
Y,495,N501Y,6,501,N,Y,11.208949,RBD,S1,17
D,663,N679K,16,679,N,D,19.890268,No Domain,S1,11
E,661,N679K,18,679,N,E,19.875889,No Domain,S1,11
G,669,N679K,10,679,N,G,24.956516,No Domain,S1,11
N,703,N679K,24,679,N,N,28.080183,No Domain,S1,11
P,330,N679K,349,679,N,P,65.9208,No Domain,S1,11
Q,677,N679K,2,679,N,Q,5.8961606,No Domain,S1,11
R,683,N679K,4,679,N,R,7.769787,No Domain,S1,11
S,680,N679K,1,679,N,S,3.9000785,No Domain,S1,11
T,500,N679K,179,679,N,T,104.421715,No Domain,S1,11
T,676,N679K,3,679,N,T,9.039554,No Domain,S1,11
T,724,N679K,45,679,N,T,37.31402,No Domain,S1,11
D,950,Q954H,4,954,Q,D,6.0714855,HR1,S2,25
F,1089,Q954H,135,954,Q,F,55.3699,HR1,S2,25
H,1058,Q954H,104,954,Q,H,12.557586,HR1,S2,25
H,1101,Q954H,147,954,Q,H,63.95942,HR1,S2,25
H,1159,Q954H,205,954,Q,H,99.41293,HR1,S2,25
K,835,Q954H,119,954,Q,K,21.908688,HR1,S2,25
K,933,Q954H,21,954,Q,K,30.606676,HR1,S2,25
K,1154,Q954H,200,954,Q,K,92.063225,HR1,S2,25
L,948,Q954H,6,954,Q,L,10.486911,HR1,S2,25
P,728,Q954H,226,954,Q,P,12.533983,HR1,S2,25
P,792,Q954H,162,954,Q,P,41.854942,HR1,S2,25
P,809,Q954H,145,954,Q,P,34.354412,HR1,S2,25
P,812,Q954H,142,954,Q,P,28.172567,HR1,S2,25
Q,872,Q954H,82,954,Q,Q,28.007505,HR1,S2,25
Q,926,Q954H,28,954,Q,Q,38.942104,HR1,S2,25
S,943,Q954H,11,954,Q,S,15.649981,HR1,S2,25
S,1021,Q954H,67,954,Q,S,15.375284,HR1,S2,25
S,1030,Q954H,76,954,Q,S,28.430622,HR1,S2,25
T,998,Q954H,44,954,Q,T,25.305439,HR1,S2,25
V,976,Q954H,22,954,Q,V,27.45863,HR1,S2,25
V,1228,Q954H,274,954,Q,V,200.47598,HR1,S2,25
Y,789,Q954H,165,954,Q,Y,36.072613,HR1,S2,25
Y,904,Q954H,50,954,Q,Y,43.63576,HR1,S2,25
Y,917,Q954H,37,954,Q,Y,49.169533,HR1,S2,25
Y,1007,Q954H,53,954,Q,Y,11.523789,HR1,S2,25
E,471,S477N,6,477,S,E,15.557906,RBD,S1,5
G,476,S477N,1,477,S,G,3.8538573,RBD,S1,5
P,330,S477N,147,477,S,P,27.548782,RBD,S1,5
S,469,S477N,8,477,S,S,19.65015,RBD,S1,5
T,500,S477N,23,477,S,T,35.271996,RBD,S1,5
E,1072,L981F,91,981,L,E,77.15945,HR1,S2,20
G,1035,L981F,54,981,L,G,64.72377,HR1,S2,20
H,1088,L981F,107,981,L,H,91.4306,HR1,S2,20
I,1013,L981F,32,981,L,I,35.735435,HR1,S2,20
K,933,L981F,48,981,L,K,63.28338,HR1,S2,20
K,964,L981F,17,981,L,K,20.487019,HR1,S2,20
L,828,L981F,153,981,L,L,37.80856,HR1,S2,20
L,977,L981F,4,981,L,L,5.98999,HR1,S2,20
N,978,L981F,3,981,L,N,5.0789747,HR1,S2,20
Q,872,L981F,109,981,L,Q,53.475773,HR1,S2,20
Q,926,L981F,55,981,L,Q,72.14476,HR1,S2,20
Q,1002,L981F,21,981,L,Q,20.912907,HR1,S2,20
S,982,L981F,1,981,L,S,3.8483307,HR1,S2,20
S,1021,L981F,40,981,L,S,46.228252,HR1,S2,20
T,998,L981F,17,981,L,T,15.894911,HR1,S2,20
V,976,L981F,5,981,L,V,8.629394,HR1,S2,20
V,991,L981F,10,981,L,V,10.518007,HR1,S2,20
V,1061,L981F,80,981,L,V,52.41102,HR1,S2,20
V,1065,L981F,84,981,L,V,64.78833,HR1,S2,20
Y,917,L981F,64,981,L,Y,81.75808,HR1,S2,20
K,202,L212I,10,212,L,K,28.771408,NTD,S1,5
P,209,L212I,3,212,L,P,9.830747,NTD,S1,5
P,217,L212I,5,212,L,P,6.6758165,NTD,S1,5
P,330,L212I,118,212,L,P,42.376617,NTD,S1,5
R,214,L212I,2,212,L,R,5.8340516,NTD,S1,5
