Mutation,rel_grammar,rel_seq_grammar,narrow_seq_grammar,relative_narrow_seq_grammar,semanatic_score,probability,Backbone,rel_reference_grammar
N138D,-5.9928336,-2.0003357,-67.763214,-1.0128326,2.472031354904175,0.0024795665,K18N,0.013062
T151K,-7.7830715,-2.9835358,-68.36072,-1.6048431,2.303637981414795,0.0004161692,K18N,0.010202408
S160N,-1.1402035,-4.513336,-71.258545,-4.8533173,9.299833297729492,0.2248788,K18N,0.030752659
N174D,-6.771716,3.1973,-62.935623,3.8087463,9.344881057739258,0.0011310942,K18N,0.028162003
I176K,1.7355324,-0.99823,-67.6942,-3.559021,4.566633224487305,0.41209194,K18N,-0.12735558
Q189R,-4.7856827,-1.1981201,-67.50587,-0.8732376,10.847341537475586,0.0073705106,K18N,0.048078537
K205R,-7.0032344,0.007904053,-65.93535,0.8156433,4.685117244720459,0.0009033027,K18N,-0.0010676384
K292E,-7.285602,-1.1130829,-66.902405,-0.15013123,6.00351095199585,0.00068195275,K18N,-0.009809971
T344A,-7.676252,-1.5944366,-66.5415,0.21427155,2.155409097671509,0.00046303708,K18N,-0.005227089
S394N,2.2312012,1.606575,-65.14983,-0.7314911,2.8488500118255615,0.89791936,K18N,-0.036976814
K18N,-7.2378902,0.50632477,-67.70018,1.5590439,4.172944068908691,0.00071549386,N138D,-0.008584976
T151K,-7.3498096,-2.114006,-70.70418,-1.441864,2.4773921966552734,0.0006417124,N138D,0.44346428
S160N,-1.0810027,-4.4558334,-73.70668,-4.8245544,8.369597434997559,0.23159753,N138D,0.08995342
N174D,-6.9040723,2.939827,-65.5897,3.6624985,9.760083198547363,0.000992039,N138D,-0.104194164
I176K,2.1026113,-0.76834106,-69.99143,-3.5414429,4.290154933929443,0.4910177,N138D,0.23972332
Q189R,-4.696975,-1.2704697,-70.08031,-0.9559784,11.493781089782715,0.007934586,N138D,0.13678598
K205R,-7.0614376,0.107925415,-68.3125,0.9453354,4.7782206535339355,0.00085238036,N138D,-0.05927086
K292E,-7.397579,-1.1864548,-69.327835,-0.06900787,5.665234088897705,0.00060964824,N138D,-0.12178707
T344A,-7.717028,-1.5498276,-68.961555,0.30091095,2.179091453552246,0.00044455248,N138D,-0.04600334
S394N,2.2875094,1.586586,-67.676544,-0.8023071,2.911428213119507,0.90290844,N138D,0.019331455
K18N,-7.2767534,0.3830719,-68.66496,1.4543686,4.025092124938965,0.0006883298,T151K,-0.04744816
N138D,-6.047737,-1.2540588,-70.43145,-0.31417084,2.5033881664276123,0.002347797,T151K,-0.041841507
S160N,-1.0157852,-3.7960892,-73.902054,-4.2074738,8.572697639465332,0.23573895,T151K,0.15517092
N174D,-6.8188057,3.4939728,-66.08169,4.033272,9.122899055480957,0.001083384,T151K,-0.018927574
I176K,2.102587,-0.27213287,-70.34309,-3.0981903,4.44007682800293,0.46008915,T151K,0.239699
Q189R,-4.7184296,-1.2402191,-70.821014,-0.86925507,10.926111221313477,0.0075177127,T151K,0.11533165
K205R,-7.1519275,-0.4576645,-69.65133,0.46549988,4.8980937004089355,0.0007778922,T151K,-0.14976072
K292E,-7.171607,-1.2406998,-70.350914,-0.23300171,5.999323844909668,0.0007635589,T151K,0.104185104
T344A,-7.6835337,-1.5300293,-69.85194,0.27041626,2.19604229927063,0.00045966884,T151K,-0.012508869
S394N,2.3111672,1.5559692,-68.56711,-0.85432434,2.853668689727783,0.9049551,T151K,0.042989254
K18N,-7.4121265,0.57619476,-69.95566,1.8872375,4.211214542388916,0.0006015626,S160N,-0.18282127
N138D,-6.6473346,-1.872963,-72.28988,-0.44662476,2.352482795715332,0.0012929493,S160N,-0.64143896
T151K,-7.6027517,-2.073166,-72.7918,-0.9464264,2.439835786819458,0.0004983906,S160N,0.1905222
N174D,-7.234351,3.757515,-67.32887,4.5057983,9.740449905395508,0.0007127133,S160N,-0.43447304
I176K,2.5028207,-1.4576035,-73.26479,-4.463516,4.574854850769043,0.5812063,S160N,0.63993275
Q189R,-5.5458117,-0.37033844,-71.72264,0.06880951,10.853727340698242,0.0036937438,S160N,-0.71205044
K205R,-7.3415413,0.14179993,-70.65621,1.1867371,5.042471408843994,0.00064559147,S160N,-0.33937454
K292E,-7.344659,-0.78121185,-71.53646,0.30588531,6.198770523071289,0.0006431929,S160N,-0.06886673
T344A,-7.8013015,-1.8062897,-71.44122,0.4042511,2.2157275676727295,0.00040867948,S160N,-0.13027668
S394N,2.5323873,1.7100677,-70.135956,-0.9027405,3.0280017852783203,0.922062,S160N,0.26420927
K18N,-7.032366,0.7285805,-62.707123,1.5758209,4.257018566131592,0.0008779441,N174D,0.19693947
N138D,-5.910294,-2.035553,-65.409676,-1.1279144,2.154383897781372,0.0026931746,N174D,0.09560156
T151K,-7.563485,-2.3413544,-66.05658,-1.7697754,2.8353559970855713,0.0005181812,N174D,0.22978878
S160N,-1.3122177,-3.8007355,-68.07639,-4.115326,8.075553894042969,0.19404767,N174D,-0.14126158
I176K,1.4899145,-1.1640167,-65.43366,-3.2170715,5.407772541046143,0.5587836,N174D,-0.37297344
Q189R,-4.621579,-0.94558716,-64.634186,-0.54777527,10.450876235961914,0.008037295,N174D,0.21218204
K205R,-6.725054,0.2151413,-63.449837,0.8308029,4.92356538772583,0.0011910629,N174D,0.27711296
K292E,-6.9535046,-1.2410583,-64.825096,-0.5444565,6.0060882568359375,0.0009478026,N174D,0.32228756
T344A,-7.6346784,-1.4504547,-64.11621,0.17063904,2.131633996963501,0.0004825972,N174D,0.036346436
S394N,2.0843306,1.3302994,-62.95739,-0.8767853,3.2815918922424316,0.88376516,N174D,-0.18384743
K18N,-7.3063602,0.30408478,-66.64846,1.4065857,3.825666904449463,0.0006682493,I176K,-0.07705498
N138D,-5.9211273,-1.9726868,-69.14221,-1.0896378,2.595113754272461,0.0026635795,I176K,0.084768295
T151K,-7.839677,-2.3364258,-69.251816,-1.1936264,2.3412485122680664,0.00039326708,I176K,-0.04640293
S160N,-1.0069637,-5.2448196,-73.29075,-5.629677,10.298477172851562,0.24526228,I176K,0.1639924
N174D,-7.3273377,2.6070175,-64.67038,3.3715363,10.708319664001465,0.00064584025,I176K,-0.5274596
Q189R,-4.929534,-0.3065567,-67.951004,0.007751465,11.948934555053711,0.0065367734,I176K,-0.09577274
K205R,-6.994874,0.2098465,-67.005135,1.0493927,4.712172985076904,0.0009119941,I176K,0.0072927475
K292E,-7.4755764,-1.1397324,-67.95907,0.09600067,6.12123966217041,0.00056423375,I176K,-0.19978428
T344A,-7.684217,-1.6104126,-67.862625,0.19547272,2.123075246810913,0.00045937064,I176K,-0.013192177
S394N,2.2558508,1.6308365,-66.42789,-0.72950745,2.855199098587036,0.9000527,I176K,-0.012327194
K18N,-7.1624165,0.5370636,-67.06564,1.4219818,3.8375773429870605,0.0007714874,Q189R,0.06688881
N138D,-5.990118,-2.0419464,-69.553535,-1.0687561,2.7074341773986816,0.0024843682,Q189R,0.015777588
T151K,-7.808338,-2.871643,-70.271255,-1.7801971,2.4018337726593018,0.0004057879,Q189R,-0.0150642395
S160N,-1.2522593,-3.7246857,-72.189384,-4.0826035,7.755470275878906,0.19439286,Q189R,-0.08130312
N174D,-6.7988524,3.258316,-64.67734,3.8032227,8.925922393798828,0.0011019313,Q189R,0.0010256767
I176K,2.074891,0.12631226,-68.303055,-2.6424866,4.495505332946777,0.46909913,Q189R,0.21200311
K205R,-6.945266,-0.1269226,-67.818825,0.66324615,5.137270450592041,0.00095328793,Q189R,0.056900978
K292E,-6.9585333,-1.3705597,-69.08493,-0.5995941,6.099527359008789,0.00094379776,Q189R,0.31725883
T344A,-7.6690636,-1.4182816,-68.20158,0.28917694,2.400879144668579,0.00046628749,Q189R,0.0019612312
S394N,2.218122,1.5260086,-66.96565,-0.8005066,2.9366953372955322,0.8966066,Q189R,-0.05005598
K18N,-7.218354,0.5488968,-65.72078,1.5724487,4.141904354095459,0.0007293633,K205R,0.010951042
N138D,-6.0056295,-1.8577423,-68.25944,-0.96811676,2.422313928604126,0.002447932,K205R,0.00026607513
T151K,-7.9964743,-3.2832794,-69.14566,-1.8486633,2.535555839538574,0.00033624,K205R,-0.20320034
S160N,-1.1864119,-4.4067383,-71.69123,-4.741211,8.813812255859375,0.2155418,K205R,-0.015455723
N174D,-6.439708,3.2248535,-63.564598,3.7200317,9.491597175598145,0.0015753353,K205R,0.3601699
I176K,1.8630207,-0.5514755,-67.78309,-3.2845688,4.52048397064209,0.39193195,K205R,0.00013267994
Q189R,-3.7530537,-1.3211136,-68.414856,-1.3368073,11.078470230102539,0.018812984,K205R,1.0807076
K292E,-7.150854,-1.0116196,-67.395775,-0.10349274,5.918586254119873,0.0007795579,K205R,0.12493801
T344A,-7.6073775,-1.3616409,-67.02417,0.27244568,2.185422420501709,0.00049598474,K205R,0.06364727
S394N,2.2353525,1.5233765,-65.77407,-0.8184128,3.0438923835754395,0.8983478,K205R,-0.03282547
K18N,-7.2070394,0.5933914,-66.87616,1.5824585,4.155694007873535,0.00073759735,K292E,0.022265911
N138D,-6.264303,-1.9866409,-69.37813,-0.9224777,2.321443796157837,0.0018877954,K292E,-0.2584076
T151K,-7.8108344,-2.9008331,-70.16746,-1.7051163,2.260788917541504,0.00040477348,K292E,-0.017560482
S160N,-1.2122536,-4.1642685,-72.61532,-4.480736,9.07738971710205,0.21408954,K292E,-0.041297436
N174D,-6.8388824,2.9341354,-64.808846,3.6415482,9.27244758605957,0.0010571546,K292E,-0.039004326
I176K,1.9609838,-0.7355728,-69.1432,-3.48658,4.420228958129883,0.42909297,K292E,0.098095775
Q189R,-4.4068146,-1.3992691,-69.37724,-1.1176376,11.471137046813965,0.009942852,K292E,0.42694664
K205R,-6.821467,0.153862,-67.62749,0.8298569,4.729917526245117,0.0010832238,K292E,0.18069983
T344A,-7.6033154,-1.4682617,-68.25334,0.2088089,2.053478479385376,0.0004980286,K292E,0.067709446
S394N,2.295556,1.655159,-66.807816,-0.74087524,2.8832967281341553,0.90375763,K292E,0.027378082
K18N,-7.2100573,0.5518036,-67.33908,1.559494,4.077653408050537,0.0007355167,T344A,0.019248009
N138D,-6.004575,-1.9102478,-69.889786,-0.9931183,2.5110912322998047,0.002450749,T344A,0.0013208389
T151K,-7.7990313,-2.7503967,-70.42898,-1.5268555,2.3565738201141357,0.00040958583,T344A,-0.005757332
S160N,-1.169517,-4.7495804,-73.6409,-5.082443,9.319602012634277,0.21991542,T344A,0.0014390945
N174D,-6.7772784,3.164505,-65.08089,3.8093185,9.27458667755127,0.0011243735,T344A,0.022599697
I176K,1.8483531,-0.7664871,-69.609695,-3.4582367,4.445046424865723,0.4050917,T344A,-0.014534831
Q189R,-4.874189,-1.007225,-69.45676,-0.6732788,10.755264282226562,0.006777414,T344A,-0.040427685
K205R,-6.9707417,0.24360657,-67.87815,1.0192642,4.818241119384766,0.0009333054,T344A,0.031425
K292E,-7.313896,-1.0284958,-68.89517,0.0030288696,5.876291751861572,0.0006627275,T344A,-0.038104057
S394N,2.255219,1.6563873,-67.2463,-0.7030716,2.889242649078369,0.9003195,T344A,-0.012959003
K18N,-7.25609,0.56163025,-64.1098,1.5978394,4.154921054840088,0.0007026031,S394N,-0.026784897
N138D,-6.0034895,-1.9650192,-66.72869,-1.023201,2.5323643684387207,0.0024534208,S394N,0.0024061203
T151K,-7.824827,-2.8555832,-67.24208,-1.5311127,2.3261759281158447,0.0003991669,S394N,-0.03155327
S160N,-1.1614127,-4.424408,-70.12474,-4.758209,9.633369445800781,0.22153963,S394N,0.009543419
N174D,-6.812303,2.754074,-62.29531,3.404091,9.270472526550293,0.0010860855,S394N,-0.012424946
I176K,1.8516974,-0.71642303,-66.36975,-3.4069977,4.474717617034912,0.40745547,S394N,-0.011190534
Q189R,-4.843712,-1.2541199,-66.50023,-0.91168976,10.852917671203613,0.0069609145,S394N,-0.009950638
K205R,-7.020018,-0.062561035,-64.95348,0.75289154,4.8232340812683105,0.00088855356,S394N,-0.017851353
K292E,-7.2892904,-1.0962601,-65.79813,-0.090911865,6.0366668701171875,0.00067936786,S394N,-0.013498306
T344A,-7.6644154,-1.5347977,-65.42265,0.28816223,2.224116325378418,0.00046855022,S394N,0.00660944
K18N,-7.2293053,0.57499695,-65.72467,1.6027832,4.100808620452881,0.0007215857,Reference,0.0
N138D,-6.0058956,-1.9316635,-68.2966,-0.9712219,2.510596990585327,0.002447394,Reference,0.0
T151K,-7.793274,-2.7916107,-68.89483,-1.5639496,2.3792765140533447,0.00041195157,Reference,0.0
S160N,-1.1709561,-4.514534,-71.834724,-4.8462143,9.483603477478027,0.21988292,Reference,0.0
N174D,-6.799878,3.0437164,-63.638172,3.6810875,9.43680477142334,0.0010995741,Reference,0.0
I176K,1.862888,-0.7273178,-68.00042,-3.4211884,4.449191570281982,0.4106163,Reference,0.0
Q189R,-4.833761,-1.1601868,-68.040306,-0.8315201,10.828224182128906,0.007032702,Reference,0.0
K205R,-7.0021667,0.03400421,-66.49268,0.83358765,4.822165012359619,0.0009045221,Reference,0.0
K292E,-7.275792,-1.1314774,-67.454315,-0.12728119,6.043798446655273,0.0006885163,Reference,0.0
T344A,-7.671025,-1.5712433,-67.07828,0.25247955,2.158320665359497,0.00046546245,Reference,0.0
S394N,2.268178,1.6199417,-65.71149,-0.7514343,2.90108060836792,0.901245,Reference,0.0
