Mutation,rel_grammar,rel_seq_grammar,narrow_seq_grammar,relative_narrow_seq_grammar,semanatic_score,probability,Backbone,lineage_backbone
K18N,-7.4315405,-1.3153439,-20.739697,0.3189373,2.813288688659668,0.0005904826,EPI2178977|HA|A/Thailand/8/2022|EPI_ISL_14991375|J,J
N138D,-5.4912148,-1.6525097,-20.70536,0.34976578,2.0076026916503906,0.004095968,EPI2178977|HA|A/Thailand/8/2022|EPI_ISL_14991375|J,J
T151K,-6.52726,-0.58761406,-21.217075,-0.15831947,2.49700927734375,0.0014587628,EPI2178977|HA|A/Thailand/8/2022|EPI_ISL_14991375|J,J
S160N,-4.925769,-0.09062004,-20.533733,0.51667404,7.386205673217773,0.0071759177,EPI2178977|HA|A/Thailand/8/2022|EPI_ISL_14991375|J,J
N174D,-9.410991,-6.0875473,-20.820488,0.24060059,3.797334671020508,8.1772894e-05,EPI2178977|HA|A/Thailand/8/2022|EPI_ISL_14991375|J,J
I176K,-8.077701,-1.9333076,-20.723433,0.33132553,7.696732997894287,0.00030824792,EPI2178977|HA|A/Thailand/8/2022|EPI_ISL_14991375|J,J
Q189R,-9.64082,-4.630327,-20.9183,0.14191055,5.943523406982422,6.49255e-05,EPI2178977|HA|A/Thailand/8/2022|EPI_ISL_14991375|J,J
K205R,-7.245965,-1.5535374,-21.175064,-0.114536285,7.886922359466553,0.00071223656,EPI2178977|HA|A/Thailand/8/2022|EPI_ISL_14991375|J,J
K292E,-8.410223,-2.9090958,-20.6848,0.36621094,3.877037763595581,0.00022022198,EPI2178977|HA|A/Thailand/8/2022|EPI_ISL_14991375|J,J
T344A,-7.523367,-2.871832,-21.102688,-0.042173386,1.1114252805709839,0.0005396901,EPI2178977|HA|A/Thailand/8/2022|EPI_ISL_14991375|J,J
S394N,0.8017721,1.0041676,-20.05653,-0.17142105,4.581944942474365,0.68743837,EPI2178977|HA|A/Thailand/8/2022|EPI_ISL_14991375|J,J
K18N,-7.4315405,-1.3153439,-20.739697,0.3189373,2.813288688659668,0.0005904826,EPI2096148|HA|A/Massachusetts/18/2022|EPI_ISL_13897082|J,J
N138D,-5.4912148,-1.6525097,-20.70536,0.34976578,2.0076026916503906,0.004095968,EPI2096148|HA|A/Massachusetts/18/2022|EPI_ISL_13897082|J,J
T151K,-6.52726,-0.58761406,-21.217075,-0.15831947,2.49700927734375,0.0014587628,EPI2096148|HA|A/Massachusetts/18/2022|EPI_ISL_13897082|J,J
S160N,-4.925769,-0.09062004,-20.533733,0.51667404,7.386205673217773,0.0071759177,EPI2096148|HA|A/Massachusetts/18/2022|EPI_ISL_13897082|J,J
N174D,-9.410991,-6.0875473,-20.820488,0.24060059,3.797334671020508,8.1772894e-05,EPI2096148|HA|A/Massachusetts/18/2022|EPI_ISL_13897082|J,J
I176K,-8.077701,-1.9333076,-20.723433,0.33132553,7.696732997894287,0.00030824792,EPI2096148|HA|A/Massachusetts/18/2022|EPI_ISL_13897082|J,J
Q189R,-9.64082,-4.630327,-20.9183,0.14191055,5.943523406982422,6.49255e-05,EPI2096148|HA|A/Massachusetts/18/2022|EPI_ISL_13897082|J,J
K205R,-7.245965,-1.5535374,-21.175064,-0.114536285,7.886922359466553,0.00071223656,EPI2096148|HA|A/Massachusetts/18/2022|EPI_ISL_13897082|J,J
K292E,-8.410223,-2.9090958,-20.6848,0.36621094,3.877037763595581,0.00022022198,EPI2096148|HA|A/Massachusetts/18/2022|EPI_ISL_13897082|J,J
T344A,-7.523367,-2.871832,-21.102688,-0.042173386,1.1114252805709839,0.0005396901,EPI2096148|HA|A/Massachusetts/18/2022|EPI_ISL_13897082|J,J
S394N,0.8017721,1.0041676,-20.05653,-0.17142105,4.581944942474365,0.68743837,EPI2096148|HA|A/Massachusetts/18/2022|EPI_ISL_13897082|J,J
K18N,-7.4107428,-1.1332474,-24.685852,0.4165039,2.9481701850891113,0.0006028845,EPI2981619|HA|A/Croatia/10136RV/2023|EPI_ISL_18856647|J.2,J.2
T151K,-6.3649654,-0.40872192,-25.249561,-0.14741325,2.5216851234436035,0.001715218,EPI2981619|HA|A/Croatia/10136RV/2023|EPI_ISL_18856647|J.2,J.2
S160N,-4.752391,0.37849426,-24.29293,0.7985344,5.426068305969238,0.008511623,EPI2981619|HA|A/Croatia/10136RV/2023|EPI_ISL_18856647|J.2,J.2
N161S,-1.8669218,-0.5832977,-25.67641,-0.7212925,3.5137863159179688,0.1330272,EPI2981619|HA|A/Croatia/10136RV/2023|EPI_ISL_18856647|J.2,J.2
N174D,-9.454284,-5.251507,-24.423695,0.68118095,4.2020583152771,7.831235e-05,EPI2981619|HA|A/Croatia/10136RV/2023|EPI_ISL_18856647|J.2,J.2
I176K,-9.070303,-1.8800793,-24.430643,0.668766,8.138845443725586,0.00011434491,EPI2981619|HA|A/Croatia/10136RV/2023|EPI_ISL_18856647|J.2,J.2
Q189R,-9.551748,-4.2580986,-24.800173,0.3035965,5.855556964874268,7.0961214e-05,EPI2981619|HA|A/Croatia/10136RV/2023|EPI_ISL_18856647|J.2,J.2
K205R,-7.0397773,-1.1781006,-25.020948,0.083120346,8.144972801208496,0.00087515876,EPI2981619|HA|A/Croatia/10136RV/2023|EPI_ISL_18856647|J.2,J.2
T344A,-7.3563614,-2.5398655,-25.074862,0.029226303,1.0712038278579712,0.0006376829,EPI2981619|HA|A/Croatia/10136RV/2023|EPI_ISL_18856647|J.2,J.2
S394N,0.8293767,0.9753895,-24.129074,-0.2196598,5.1403489112854,0.6930825,EPI2981619|HA|A/Croatia/10136RV/2023|EPI_ISL_18856647|J.2,J.2
K18N,-7.4107428,-1.1332474,-24.685852,0.4165039,2.9481701850891113,0.0006028845,EPI2990337|HA|A/District_Of_Columbia/27/2023|EPI_ISL_18862356|J.2,J.2
T151K,-6.3649654,-0.40872192,-25.249561,-0.14741325,2.5216851234436035,0.001715218,EPI2990337|HA|A/District_Of_Columbia/27/2023|EPI_ISL_18862356|J.2,J.2
S160N,-4.752391,0.37849426,-24.29293,0.7985344,5.426068305969238,0.008511623,EPI2990337|HA|A/District_Of_Columbia/27/2023|EPI_ISL_18862356|J.2,J.2
N161S,-1.8669218,-0.5832977,-25.67641,-0.7212925,3.5137863159179688,0.1330272,EPI2990337|HA|A/District_Of_Columbia/27/2023|EPI_ISL_18862356|J.2,J.2
N174D,-9.454284,-5.251507,-24.423695,0.68118095,4.2020583152771,7.831235e-05,EPI2990337|HA|A/District_Of_Columbia/27/2023|EPI_ISL_18862356|J.2,J.2
I176K,-9.070303,-1.8800793,-24.430643,0.668766,8.138845443725586,0.00011434491,EPI2990337|HA|A/District_Of_Columbia/27/2023|EPI_ISL_18862356|J.2,J.2
Q189R,-9.551748,-4.2580986,-24.800173,0.3035965,5.855556964874268,7.0961214e-05,EPI2990337|HA|A/District_Of_Columbia/27/2023|EPI_ISL_18862356|J.2,J.2
K205R,-7.0397773,-1.1781006,-25.020948,0.083120346,8.144972801208496,0.00087515876,EPI2990337|HA|A/District_Of_Columbia/27/2023|EPI_ISL_18862356|J.2,J.2
T344A,-7.3563614,-2.5398655,-25.074862,0.029226303,1.0712038278579712,0.0006376829,EPI2990337|HA|A/District_Of_Columbia/27/2023|EPI_ISL_18862356|J.2,J.2
S394N,0.8293767,0.9753895,-24.129074,-0.2196598,5.1403489112854,0.6930825,EPI2990337|HA|A/District_Of_Columbia/27/2023|EPI_ISL_18862356|J.2,J.2
K18N,-7.451885,-1.089117,-26.942749,0.4870987,3.2894556522369385,0.00057858916,EPI4551140|HA|A/England/415/2024|EPI_ISL_20080368|J.2.4,J.2.4
S160N,-4.788022,0.048009872,-26.87009,0.55088997,6.989291191101074,0.008230381,EPI4551140|HA|A/England/415/2024|EPI_ISL_20080368|J.2.4,J.2.4
N174D,-8.635989,-4.705408,-26.9651,0.46710777,4.014493465423584,0.00017747791,EPI4551140|HA|A/England/415/2024|EPI_ISL_20080368|J.2.4,J.2.4
I176K,-9.993861,-3.1309261,-26.82233,0.6047554,7.061306476593018,4.5415476e-05,EPI4551140|HA|A/England/415/2024|EPI_ISL_20080368|J.2.4,J.2.4
Q189R,-9.218563,-3.5464745,-27.144096,0.28712082,6.472620487213135,9.9016186e-05,EPI4551140|HA|A/England/415/2024|EPI_ISL_20080368|J.2.4,J.2.4
T344A,-7.413437,-2.6827679,-27.389116,0.04255867,1.0906801223754883,0.00060236664,EPI4551140|HA|A/England/415/2024|EPI_ISL_20080368|J.2.4,J.2.4
S394N,0.8975696,0.9392643,-26.492754,-0.3035717,5.768102645874023,0.7074212,EPI4551140|HA|A/England/415/2024|EPI_ISL_20080368|J.2.4,J.2.4
