Mutation,rel_grammar,rel_seq_grammar,narrow_seq_grammar,relative_narrow_seq_grammar,semantic_score,probability,Backbone,lineage_backbone
K18N,-2.812304,0.3230896,-111.58265,-0.030128479,0.8505517840385437,0.039693505,EPI2178977|HA|A/Thailand/8/2022|EPI_ISL_14991375|J,J
N138D,-5.835328,-1.1829987,-110.68064,1.2021713,1.4382290840148926,0.0026870635,EPI2178977|HA|A/Thailand/8/2022|EPI_ISL_14991375|J,J
T151K,-9.262375,-4.166771,-110.59968,1.3630219,1.3776845932006836,9.454238e-05,EPI2178977|HA|A/Thailand/8/2022|EPI_ISL_14991375|J,J
S160N,-1.8874308,0.033981323,-111.89622,-0.14505768,1.6965572834014893,0.12208255,EPI2178977|HA|A/Thailand/8/2022|EPI_ISL_14991375|J,J
N174D,-5.112612,0.33057404,-110.74684,1.0527802,1.2475526332855225,0.005093571,EPI2178977|HA|A/Thailand/8/2022|EPI_ISL_14991375|J,J
I176K,-0.5769961,-3.059906,-114.84839,-4.72316,2.1950666904449463,0.08904975,EPI2178977|HA|A/Thailand/8/2022|EPI_ISL_14991375|J,J
Q189R,-6.2522354,-1.1083527,-111.14037,0.7916641,1.5089236497879028,0.0018603551,EPI2178977|HA|A/Thailand/8/2022|EPI_ISL_14991375|J,J
K205R,-4.551237,-0.4225769,-110.133736,0.7371292,1.9787317514419556,0.003527524,EPI2178977|HA|A/Thailand/8/2022|EPI_ISL_14991375|J,J
K292E,-8.66298,0.88861847,-108.558624,3.3847656,3.229750871658325,0.00016887065,EPI2178977|HA|A/Thailand/8/2022|EPI_ISL_14991375|J,J
T344A,-8.758361,-0.26620483,-110.09408,1.8549881,3.3270111083984375,0.00015438147,EPI2178977|HA|A/Thailand/8/2022|EPI_ISL_14991375|J,J
S394N,0.7203412,0.8093872,-111.156906,-0.39859772,1.1681841611862183,0.6137699,EPI2178977|HA|A/Thailand/8/2022|EPI_ISL_14991375|J,J
K18N,-2.812304,0.3230896,-111.58265,-0.030128479,0.8505517840385437,0.039693505,EPI2096148|HA|A/Massachusetts/18/2022|EPI_ISL_13897082|J,J
N138D,-5.835328,-1.1829987,-110.68064,1.2021713,1.4382290840148926,0.0026870635,EPI2096148|HA|A/Massachusetts/18/2022|EPI_ISL_13897082|J,J
T151K,-9.262375,-4.166771,-110.59968,1.3630219,1.3776845932006836,9.454238e-05,EPI2096148|HA|A/Massachusetts/18/2022|EPI_ISL_13897082|J,J
S160N,-1.8874308,0.033981323,-111.89622,-0.14505768,1.6965572834014893,0.12208255,EPI2096148|HA|A/Massachusetts/18/2022|EPI_ISL_13897082|J,J
N174D,-5.112612,0.33057404,-110.74684,1.0527802,1.2475526332855225,0.005093571,EPI2096148|HA|A/Massachusetts/18/2022|EPI_ISL_13897082|J,J
I176K,-0.5769961,-3.059906,-114.84839,-4.72316,2.1950666904449463,0.08904975,EPI2096148|HA|A/Massachusetts/18/2022|EPI_ISL_13897082|J,J
Q189R,-6.2522354,-1.1083527,-111.14037,0.7916641,1.5089236497879028,0.0018603551,EPI2096148|HA|A/Massachusetts/18/2022|EPI_ISL_13897082|J,J
K205R,-4.551237,-0.4225769,-110.133736,0.7371292,1.9787317514419556,0.003527524,EPI2096148|HA|A/Massachusetts/18/2022|EPI_ISL_13897082|J,J
K292E,-8.66298,0.88861847,-108.558624,3.3847656,3.229750871658325,0.00016887065,EPI2096148|HA|A/Massachusetts/18/2022|EPI_ISL_13897082|J,J
T344A,-8.758361,-0.26620483,-110.09408,1.8549881,3.3270111083984375,0.00015438147,EPI2096148|HA|A/Massachusetts/18/2022|EPI_ISL_13897082|J,J
S394N,0.7203412,0.8093872,-111.156906,-0.39859772,1.1681841611862183,0.6137699,EPI2096148|HA|A/Massachusetts/18/2022|EPI_ISL_13897082|J,J
K18N,-2.7557454,0.27610016,-110.703896,-0.102005005,0.8451069593429565,0.040939584,EPI2981619|HA|A/Croatia/10136RV/2023|EPI_ISL_18856647|J.2,J.2
T151K,-9.196569,-4.0024414,-109.59896,1.4392242,1.4278841018676758,0.00010102073,EPI2981619|HA|A/Croatia/10136RV/2023|EPI_ISL_18856647|J.2,J.2
S160N,-1.7088761,-0.60045624,-111.612305,-0.77451324,1.410843849182129,0.1476537,EPI2981619|HA|A/Croatia/10136RV/2023|EPI_ISL_18856647|J.2,J.2
N161S,-6.2876163,-1.0860138,-110.68282,0.35240173,1.1041579246520996,0.0018470015,EPI2981619|HA|A/Croatia/10136RV/2023|EPI_ISL_18856647|J.2,J.2
N174D,-5.0767093,0.24726868,-109.94999,0.9337616,1.142148733139038,0.0053281067,EPI2981619|HA|A/Croatia/10136RV/2023|EPI_ISL_18856647|J.2,J.2
I176K,-0.54834044,-3.094696,-113.94962,-4.787369,2.390194892883301,0.08822309,EPI2981619|HA|A/Croatia/10136RV/2023|EPI_ISL_18856647|J.2,J.2
Q189R,-6.181689,-0.8969803,-110.124214,0.8805542,1.5115336179733276,0.0019917903,EPI2981619|HA|A/Croatia/10136RV/2023|EPI_ISL_18856647|J.2,J.2
K205R,-4.492173,-0.53099823,-109.39347,0.5780945,2.040060520172119,0.0038394886,EPI2981619|HA|A/Croatia/10136RV/2023|EPI_ISL_18856647|J.2,J.2
T344A,-8.73215,-0.16195679,-109.112366,1.9127274,3.1717331409454346,0.00015864187,EPI2981619|HA|A/Croatia/10136RV/2023|EPI_ISL_18856647|J.2,J.2
S394N,0.59745795,0.71061707,-110.33069,-0.41522217,1.1489547491073608,0.58926606,EPI2981619|HA|A/Croatia/10136RV/2023|EPI_ISL_18856647|J.2,J.2
K18N,-2.7557454,0.27610016,-110.703896,-0.102005005,0.8451069593429565,0.040939584,EPI2990337|HA|A/District_Of_Columbia/27/2023|EPI_ISL_18862356|J.2,J.2
T151K,-9.196569,-4.0024414,-109.59896,1.4392242,1.4278841018676758,0.00010102073,EPI2990337|HA|A/District_Of_Columbia/27/2023|EPI_ISL_18862356|J.2,J.2
S160N,-1.7088761,-0.60045624,-111.612305,-0.77451324,1.410843849182129,0.1476537,EPI2990337|HA|A/District_Of_Columbia/27/2023|EPI_ISL_18862356|J.2,J.2
N161S,-6.2876163,-1.0860138,-110.68282,0.35240173,1.1041579246520996,0.0018470015,EPI2990337|HA|A/District_Of_Columbia/27/2023|EPI_ISL_18862356|J.2,J.2
N174D,-5.0767093,0.24726868,-109.94999,0.9337616,1.142148733139038,0.0053281067,EPI2990337|HA|A/District_Of_Columbia/27/2023|EPI_ISL_18862356|J.2,J.2
I176K,-0.54834044,-3.094696,-113.94962,-4.787369,2.390194892883301,0.08822309,EPI2990337|HA|A/District_Of_Columbia/27/2023|EPI_ISL_18862356|J.2,J.2
Q189R,-6.181689,-0.8969803,-110.124214,0.8805542,1.5115336179733276,0.0019917903,EPI2990337|HA|A/District_Of_Columbia/27/2023|EPI_ISL_18862356|J.2,J.2
K205R,-4.492173,-0.53099823,-109.39347,0.5780945,2.040060520172119,0.0038394886,EPI2990337|HA|A/District_Of_Columbia/27/2023|EPI_ISL_18862356|J.2,J.2
T344A,-8.73215,-0.16195679,-109.112366,1.9127274,3.1717331409454346,0.00015864187,EPI2990337|HA|A/District_Of_Columbia/27/2023|EPI_ISL_18862356|J.2,J.2
S394N,0.59745795,0.71061707,-110.33069,-0.41522217,1.1489547491073608,0.58926606,EPI2990337|HA|A/District_Of_Columbia/27/2023|EPI_ISL_18862356|J.2,J.2
K18N,-2.818453,0.3477249,-116.247,-0.020004272,0.8613300919532776,0.03866979,EPI4551140|HA|A/England/415/2024|EPI_ISL_20080368|J.2.4,J.2.4
S160N,-2.023863,0.026306152,-116.589005,-0.14758301,1.5226144790649414,0.10606668,EPI4551140|HA|A/England/415/2024|EPI_ISL_20080368|J.2.4,J.2.4
N174D,-5.1391664,0.26956177,-115.51795,0.98509216,1.1597851514816284,0.005004773,EPI4551140|HA|A/England/415/2024|EPI_ISL_20080368|J.2.4,J.2.4
I176K,-0.63569474,-3.475357,-119.95644,-5.086708,2.260002851486206,0.088283546,EPI4551140|HA|A/England/415/2024|EPI_ISL_20080368|J.2.4,J.2.4
Q189R,-5.983755,-0.3424225,-115.3598,1.2635574,1.6143985986709595,0.0024257004,EPI4551140|HA|A/England/415/2024|EPI_ISL_20080368|J.2.4,J.2.4
T344A,-8.70872,-0.16421509,-114.76724,1.8774261,3.140963077545166,0.00016242516,EPI4551140|HA|A/England/415/2024|EPI_ISL_20080368|J.2.4,J.2.4
S394N,0.61225367,0.71601105,-115.94472,-0.4217987,1.1582982540130615,0.59092516,EPI4551140|HA|A/England/415/2024|EPI_ISL_20080368|J.2.4,J.2.4
