,label,semantic_score,relative_grammaticality,relative_sequence_grammaticality,relative_mutated_grammaticality,relative_masked_grammaticality,grammaticality,sequence_grammaticality,mutated_grammaticality,masked_grammaticality,probability,mutated_probability,masked_probability,ref,alt,pos,region,semantic_rank,grammatical_rank,acquisition_priority,sequence_grammatical_rank,sequence_acquisition_priority,mean_semantic_score,mean_relative_grammaticality,mean_relative_sequence_grammaticality,mean_relative_mutated_grammaticality,mean_relative_masked_grammaticality,mean_grammaticality,mean_sequence_grammaticality,mean_sequence_grammaticality.1,mean_mutated_grammaticality,mean_masked_grammaticality,position,mutant,Escape,Entry,Binding,RBD Wuhan-Hu-1 Binding,RBD Wuhan-Hu-1 Expression,RBD Variant Average Binding,RBD Variant Average Expression,RBD Escape,B-Factor,ΔΔG,ESST,PSSM,Entropy,Accessibility,Evescape Fitness,Evescape,IND Mutability Score,DCA Mutability Score,seq_id,ESM-1b Relative Grammaticality,subunit,domain,reference_amino_acid_property_basic,reference_amino_acid_property_complex,mutant_amino_acid_property_basic,mutant_amino_acid_property_complex,Accessibility WCN,Dissimilarity Charge Hydro,relative_grammaticality_with_eve,ESM-1b Relative Grammaticality with EVE,counts
24680,V1176F,0.5509287,-3.6733272,-1.1289368,0.08620663,-1.4738423,-3.795075,-431.24277,-0.03554101,-1.5955899,0.022481218,0.9650831,0.20278887,V,F,1176,S:0,5278,19730,25008,11096,16374,0.5907103657894737,-7.089708347368422,-2.500867339473684,-2.0733394515789474,-5.4088391157894735,-7.211456010526317,-432.6146968421052,-432.6146968421052,-2.19508708,-5.530586789473684,1176,F,0.002722,-0.15341,-0.032735,,,,,,,,,,0.07583,,-6.2942139,-2.2827579,-0.2235,-0.8042,spike,-3.840602338314056,S2,HR2,nonpolar/hydrophobic,aliphatic,nonpolar/hydrophobic,aromatic,-1.7364540351851854,-2.0329287,-2.19402334198084,-2.295533701101178,171126
23992,P1143L,0.7125278,-6.327323,-2.4419556,-1.9729027,-5.0520306,-6.4954495,-432.5558,-2.1410291,-5.220157,0.001510296,0.11753382,0.0054064794,P,L,1143,S:0,12267,8546,20813,7374,19641,0.7859819578947369,-6.423647563157894,-2.361964151578947,-2.200211946931579,-4.988628768421053,-6.591774047368421,-432.4757963157895,-432.4757963157895,-2.368338440526316,-5.156755278947369,1143,L,-0.009481,0.0832,0.20546,,,,,,22.71,7.40207,2.92,0.384673705,0.00384,0.889400921658986,-9.3311526,-2.2380777,-1.3829,-1.1157,spike,-4.124938279390335,S2,No Domain,nonpolar/hydrophobic,aliphatic,nonpolar/hydrophobic,aliphatic,-1.0611953,-1.0564886,-1.6694378312404743,-1.6279302965330436,2907
23464,D1118H,0.6189245,-7.2232494,-2.3588867,-2.7170591,-5.9804106,-7.4246025,-432.47272,-2.9184122,-6.1817636,0.0005963979,0.05401939,0.0020667794,D,H,1118,S:0,8280,7262,15542,7521,15801,0.6941128657894736,-6.603053521052632,-2.2463828626315787,-1.9688055396842103,-5.1734459,-6.804406547368422,-432.36021578947367,-432.36021578947367,-2.170158634736842,-5.374798987368421,1118,H,,0.01365,0.06091,,,,,,10.94,-0.160451,1.82,0.727273059,0.03445,0.697388632872504,-8.7520262,-2.0015817,-0.1869,-0.9056,spike,-6.537961333990097,S2,No Domain,acidic,acidic,basic,basic,-1.576245,2.0117645,-1.6426052231067776,-2.07021862169525,1221929
23103,H1101D,0.8727749,-3.0740314,-0.14437866,0.102749586,-1.5576547,-3.3668103,-430.2582,-0.1900293,-1.8504336,0.034499504,0.82693493,0.15716901,H,D,1101,S:0,17266,22345,39611,18011,35277,0.896098975263158,-5.312299752631579,-1.7595809168421053,-1.1648743392105263,-4.3011701,-5.605078684210526,-431.8734110526316,-431.8734110526316,-1.45765324,-4.593949057894736,1101,D,-0.004324,-0.0285149999999999,0.00195,,,,,,10.25,1.88531,7.47,0.727273059,0.02088,0.771889400921659,-4.0384765,-0.9011734,-0.0318,-0.5895,spike,-3.1268561482429504,S2,No Domain,basic,basic,acidic,acidic,-1.1085294,2.0117645,-1.0125050873232522,-1.0398569620775853,2546
22477,Q1071H,0.78403866,-4.784212,0.22357178,-0.89477646,-3.903908,-5.256709,-429.89026,-1.3672733,-4.376405,0.00521243,0.25480077,0.0125704715,Q,H,1071,S:0,14901,11774,26675,21176,36077,0.6403110847368422,-4.337654642105263,0.1509736639473684,-0.8168832869473684,-3.4403704368421053,-4.810151531578947,-429.9628568421053,-429.9628568421053,-1.289380145263158,-3.9128673,1071,H,0.00711,-0.186555,0.051085,,,,,,7.18,0.738463,2.29,1,0.00768,0.725806451612903,-4.3461182,-1.369543,-1.0259,-0.9996,spike,-3.997466206550598,S2,No Domain,polar/neutral,hydroxylic,basic,basic,-1.4506408,0.1644402,-1.5735766935900373,-1.6276598143923984,6782
21554,T1027I,0.5310768,-4.8422766,-1.7387085,-0.9571576,-4.5422955,-6.5018034,-431.85254,-2.6166842,-6.2018223,0.0015007303,0.073044665,0.0020257358,T,I,1027,S:0,4466,8537,13003,8905,13371,0.5949189505263157,-5.1519016,-2.987153689473684,-2.209984355789474,-4.818517261052631,-6.811428201578948,-433.1009842105264,-433.1009842105264,-3.869510954947368,-6.478044004210527,1027,I,-0.06051,-1.7365,0.7464500000000001,,,,,,6.77,-3.20838,3.68,0.727273059,0.07397,0.255760368663594,-8.186621,-3.5330272,-0.6213,-0.9192,spike,-4.169361472129822,S2,No Domain,polar/neutral,hydroxylic,nonpolar/hydrophobic,aliphatic,-2.4406241,-0.4853633,-3.2124870899225533,-3.2930285110736124,158367
20602,S982A,0.36556283,-4.75432,-0.710968,-0.4774199,-2.9357014,-4.930081,-430.8248,-0.6531806,-3.111462,0.007225919,0.520388,0.04453579,S,A,982,S:0,484,12925,13409,13328,13812,0.5869936836842106,-6.2194508736842105,-2.7398248,-2.356389926631579,-4.851844147368421,-6.395211515789474,-432.8536578947368,-432.8536578947368,-2.532150604210526,-5.027604805263158,982,A,0.1653,0.06464,-0.7346,,,,,,34.61,0.500071,11.84,1,0.03445,0.557603686635945,-6.5135987,-2.8572394,-0.8255,-0.9985,spike,-3.09238809669447,S2,HR1,polar/neutral,hydroxylic,nonpolar/hydrophobic,aliphatic,-2.1945259,-1.2222992,-2.837713396446245,-2.751453439560389,1224521
20585,L981F,0.51050496,-8.812516,-5.3872375,-5.425156,-4.747539,-8.823371,-435.50107,-5.4360113,-4.7583942,0.00014725115,0.0043568267,0.008579375,L,F,981,S:0,3698,5722,9420,4113,7811,0.8421436778947369,-11.385665157894737,-5.6478432436842105,-5.441592078684211,-8.08631532631579,-11.396519936842106,-435.76167315789473,-435.76167315789473,-5.4524472357894735,-8.097170126315788,981,F,,-1.083,1.316,,,,,,30.79,8.57864,4.98,2.599605816,0.12577,0.43778801843318,-6.7064942,-3.0832887,-1.0087,-0.9458,spike,-6.287115263589274,S2,HR1,nonpolar/hydrophobic,aliphatic,nonpolar/hydrophobic,aromatic,-2.2191994,-2.0145053,-3.390503862732215,-3.6003498229809496,2587279
20337,N969K,1.1038072,-11.314913,-2.9091492,-3.4601324,-7.9641304,-11.315512,-433.02298,-3.4607313,-7.9647293,0.00001218248,0.031406786,0.00034750573,N,K,969,S:0,20687,3398,24085,6609,27296,0.9752355178947368,-13.134788615789477,-6.299252237368421,-6.74792292631579,-9.30862954736842,-13.135387584210529,-436.4130836842105,-436.4130836842105,-6.748521739999999,-9.309228463157895,969,K,0,0,0,,,,,,18.38,-4.54807,4.35,0.727273059,0.61374,0.377880184331797,-9.434497,-3.4122294,-1.4363,-1.2118,spike,-9.509636682208418,S2,HR1,polar/neutral,hydroxylic,basic,basic,-2.2952614,0.4776379,-3.3736243504695755,-4.306545777235506,5731079
20020,Q954H,0.730907,-8.832478,-2.9421997,-2.6036506,-6.2633343,-8.873207,-433.05603,-2.6443796,-6.3040633,0.00014009258,0.07104942,0.0018288583,Q,H,954,S:0,12971,5681,18652,6562,19533,0.9152787026315788,-8.654371552631579,-4.74922905263158,-3.729356142631578,-6.3408658578947374,-8.695100789473685,-434.8630610526316,-434.8630610526316,-3.770085336842105,-6.381595036842105,954,H,0,0,0,,,,,,11.37,6.01843,1.88,0.727273059,0.61411,0.394009216589862,-6.7207032,-2.9363653,-0.8547,-0.92,spike,-5.601122136630512,S2,HR1,polar/neutral,hydroxylic,basic,basic,-2.3387339,0.1644402,-3.236588730647611,-3.273098498081481,5722219
19941,D950N,0.93734515,-4.7250624,-1.1541138,-0.4363001,-2.8076916,-4.843498,-431.26794,-0.5547358,-2.9261272,0.007879442,0.574224,0.053604238,D,N,950,S:0,18492,13287,31779,10971,29463,1.094711244736842,-7.190079131578948,-3.545951431052632,-2.999320798281948,-5.38767052631579,-7.308515,-433.6597815789474,-433.6597815789474,-3.11775647,-5.506106278947368,950,N,0.007059,-0.25745,0.2781,,,,,,11.46,2.48128,4.57,2.599605816,0.34593,0.483870967741935,-7.254004,-2.9853866,-1.007,-1.0134,spike,-4.247396652755827,S2,HR1,acidic,acidic,polar/neutral,hydroxylic,-2.2820179,-0.2224512,-2.830640020565287,-2.933757210108505,5004106
19703,S939F,0.7015762,-7.9896784,-4.0950317,-4.050485,-6.1588936,-8.101377,-434.20886,-4.1621833,-6.2705917,0.0003031216,0.015573519,0.0018911093,S,F,939,S:0,11829,6489,18318,5260,17089,0.707184797368421,-7.135184863157895,-2.932660550526316,-2.9641039110526317,-5.219358926315789,-7.246882968421053,-433.0464915789474,-433.0464915789474,-3.0758020931578947,-5.331057021052632,939,F,-0.07812,-0.5835,0.42685,,,,,,13.8,0.820107,1.15,0.384673705,0.03209,0.606758832565284,-5.9196289,-1.7919246,-1.1596,-0.4176,spike,-7.976089910287779,S2,HR1,polar/neutral,hydroxylic,nonpolar/hydrophobic,aromatic,-1.5820079,-0.5590569,-2.0773609302594886,-2.856597578165365,29372
18637,F888L,0.8366319,-5.3252854,0.35739136,-0.3623053,-2.6036484,-5.334307,-429.75644,-0.37132713,-2.6126702,0.00482325,0.68981826,0.07333846,F,L,888,S:0,16386,11481,27867,21882,38268,1.649350852631579,-11.681487531578949,-7.65045656,-7.726824726315789,-9.802602215789474,-11.690509378947368,-437.76428684210526,-437.76428684210526,-7.735846470000001,-9.811624015789471,888,L,-0.03032,-0.3928,-0.0050999999999999,,,,,,7.02,7.34312,19.12,1,0.00384,0.163594470046083,,-3.2388066,-1.3514,-1.0318,spike,-3.497586238408827,S2,No Domain,nonpolar/hydrophobic,aromatic,nonpolar/hydrophobic,aliphatic,-2.2690255,-2.0145053,-3.181969483228896,-3.1141394289155278,8235
18030,T859N,0.69574726,-7.6527767,-0.9203491,-1.4983124,-4.9490232,-7.677902,-431.03418,-1.523438,-4.9741488,0.00046294506,0.21796124,0.006914403,T,N,859,S:0,11629,6956,18585,12081,23710,0.8176596378947368,-7.811587447368422,-2.416491032631579,-2.4385132868421056,-4.76185405263158,-7.836712952631579,-432.5303210526316,-432.5303210526316,-2.463638871052632,-4.786979594736842,859,N,0.2235,-0.23145,-0.30205,,,,,,14.32,0.371,3.53,1,0.06017,0.0414746543778801,-8.4310301,-3.4737148,-0.3287,-0.8468,spike,-3.917207494080024,S2,No Domain,polar/neutral,hydroxylic,polar/neutral,hydroxylic,-2.3093672,-1.3144162,-3.3176311194153976,-3.123978196906323,41085
17964,N856K,1.0575883,-8.748214,-2.3535767,-1.8952402,-5.974943,-8.751959,-432.4674,-1.8989856,-5.9786887,0.00015815123,0.14972042,0.0025321445,N,K,856,S:0,20197,5798,25995,7527,27724,0.8942865399999999,-10.936919936842106,-4.871525806842105,-5.136181211578947,-8.283848947368421,-10.940665163157894,-434.9853557894737,-434.9853557894737,-5.139926632631578,-8.287594252631578,856,K,0.3972,0.06364,-1.0119,,,,,,18.54,-1.47655,7.1,1,0.12735,0.110599078341014,-9.101758,-3.3515818,-1.6103,-1.3874,spike,-4.393555109932872,S2,No Domain,polar/neutral,hydroxylic,basic,basic,-2.3091182,0.4776379,-3.1207112624845745,-2.9076510737980312,2588602
16715,D796Y,0.7008103,-10.737652,-5.7104187,-5.4576735,-8.244806,-10.766967,-435.82425,-5.486988,-8.274121,0.000021084617,0.0041402956,0.00025503206,D,Y,796,S:0,11797,3859,15656,3840,15637,0.7215022394736842,-9.086271021052632,-4.934199266315789,-3.896069566315789,-6.528411852631579,-9.115585826315789,-435.0480289473685,-435.0480289473685,-3.9253842068421054,-6.557726594736842,796,Y,0,0,0,,,,,,8.68,-1.00077,1.41,0.384673705,0.64031,0.69815668202765,-4.6986572,-1.3145245,-0.4074,-0.8904,spike,-6.148701984928223,S2,FP,acidic,acidic,polar/neutral,aromatic,-1.4768851,0.9934931,-2.030358033254685,-1.996910764143396,5704137
16032,N764K,0.5623411,-6.6779103,-0.54415894,-1.5661496,-5.972025,-6.8837385,-430.658,-1.7719777,-6.177853,0.0010243075,0.16999647,0.0020748775,N,K,764,S:0,5785,7971,13756,14501,20286,0.6493520578947368,-8.199570773684211,-3.3937072847368426,-4.235526409999999,-7.129693973684211,-8.405398784210526,-433.50753789473686,-433.50753789473686,-4.441354447157894,-7.335521984210526,764,K,0,0,0,,,,,,11.88,-0.535757,6.98,1,0.61301,0.264976958525346,-9.1204832,-3.5946503,-1.3416,-1.2382,spike,-4.250631295144558,S2,No Domain,polar/neutral,hydroxylic,basic,basic,-2.4307867,0.4776379,-3.182739348942276,-3.1347920454318903,5461646
15023,T716I,0.65505755,-5.6413755,0.530365,-0.6395819,-3.2946599,-5.7624817,-429.58347,-0.7606879,-3.4157658,0.0031433012,0.46734482,0.03285124,T,I,716,S:0,9920,10006,19926,22589,32509,0.5899088347368421,-6.135488531578948,-0.8806007768421052,-1.6860226754736842,-4.340644452631579,-6.256594678947368,-430.9944321052632,-430.9944321052632,-1.8071286463157892,-4.461750515789474,716,I,,-4.774,1.02205,,,,,,7.54,-5.33267,4.31,0.727273059,0.04405,0.723502304147465,-5.6885986,-1.7391024,-0.7175,-0.7735,spike,-4.325161755084992,S2,No Domain,polar/neutral,hydroxylic,nonpolar/hydrophobic,aliphatic,-1.5742757,-0.4853633,-1.8550484969199104,-1.904977766851445,1238260
14823,A706V,0.5518208,-2.4511642,-0.17410278,0.25282687,-1.3270682,-2.8392062,-430.28793,-0.13521501,-1.7151101,0.058472063,0.87352806,0.17994392,A,V,706,S:0,5316,23621,28937,17726,23042,0.6645621142105264,-4.503277799999999,-1.0184952456842105,-0.8448163164210527,-3.4245945157894737,-4.891319710526315,-431.13232631578944,-431.13232631578944,-1.2328582063157896,-3.812636447368421,706,V,,-2.2695,0.49895,,,,,,8.02,2.96617,3.82,1,0.01565,0.649769585253456,-4.3877442,-1.7080626,,,spike,-2.158432900905609,S2,No Domain,nonpolar/hydrophobic,aliphatic,nonpolar/hydrophobic,aliphatic,-1.4926927,-1.627614,-1.7794196355906489,-1.7210410939702665,5036
14718,A701V,0.50230855,-3.4991457,-1.333374,0.0021305382,-2.3195639,-3.8993328,-431.4472,-0.39805654,-2.719751,0.020255422,0.67162406,0.06589117,A,V,701,S:0,3407,18923,22330,10233,13640,0.62536096,-4.434188931578947,-1.113724540526316,-0.8553607271473684,-3.3462406263157893,-4.834375994736842,-431.22755578947374,-431.22755578947374,-1.2555477894736842,-3.746427642105264,701,V,0.004834,0.026965,-0.0972,,,,,,9.62,2.07495,3.82,1,0.04474,0.675115207373272,-5.4993896,-1.8821674,,,spike,-3.2837673872709274,S2,No Domain,nonpolar/hydrophobic,aliphatic,nonpolar/hydrophobic,aliphatic,-1.5420804,-1.627614,-1.885859487540144,-1.9102668592799248,276072
14287,P681H,0.8360321,-5.3806934,-1.06427,-1.1248522,-4.5131364,-5.9187636,-431.1781,-1.6629226,-5.0512066,0.002688522,0.18958409,0.006401605,P,H,681,S:0,16368,9621,25989,11370,27738,0.7758977810526315,-4.108094210526316,-0.6327787676315789,-0.5206915951052631,-3.505158047368421,-4.646164536842105,-430.74661,-430.74661,-1.0587619557894736,-4.043228347368421,681,H,0,0,0,,,,,,,,,,0.94662,0.861751152073733,,-1.5584495,,,spike,-4.291657775640488,S1,No Domain,nonpolar/hydrophobic,aliphatic,basic,basic,-1.157835,0.2381338,-1.4187093621672362,-1.4822540975851468,7069047
14295,P681R,0.82117265,-2.1751409,0.13952637,0.3524925,-1.0497062,-2.7132113,-429.9743,-0.18557785,-1.5877765,0.06632348,0.83062416,0.20437954,P,R,681,S:0,15986,23751,39737,20578,36564,0.7758977810526315,-4.108094210526316,-0.6327787676315789,-0.5206915951052631,-3.505158047368421,-4.646164536842105,-430.74661,-430.74661,-1.0587619557894736,-4.043228347368421,681,R,-0.03429,-0.1024,0.1397499999999999,,,,,,,,,,0.94662,0.861751152073733,,-1.2598483,,,spike,-1.7559476792812347,S1,No Domain,nonpolar/hydrophobic,aliphatic,basic,basic,-1.157835,2.8174095,-0.904865311813186,-0.8199428944137367,5195327
14247,N679K,0.6673474,-3.8363798,-0.24377441,-0.16225201,-3.0508797,-4.4801455,-430.3576,-0.80601776,-3.6946454,0.011331764,0.4466331,0.024856267,N,K,679,S:0,10462,14953,25415,17093,27555,0.714214957368421,-3.655363584210526,-0.3058760742105263,-0.3090816671578947,-2.915180742105263,-4.299129363157896,-430.4197078947368,-430.4197078947368,-0.9528474084210528,-3.5589465052631577,679,K,0,0,0,,,,,,,,,,0.62363,0.898617511520737,,-1.5244747,,,spike,-3.5381288528442383,S1,No Domain,polar/neutral,hydroxylic,basic,basic,-1.157835,0.4776379,-1.2755665687637632,-1.3174779731144295,5738622
14203,Q677H,0.8723357,-5.206215,-0.6345825,-1.3501606,-4.5579076,-5.8491206,-430.7484,-1.9930661,-5.2008133,0.0028824327,0.13627695,0.0055120797,Q,H,677,S:0,17254,9783,27037,13846,31100,0.7133733805263158,-3.656244063157895,-0.373030810368421,-0.1885180608052631,-2.8812803736842105,-4.2991496105263165,-430.4868621052631,-430.4868621052631,-0.83142358,-3.524185921052631,677,H,0.07069,0.048505,-0.1489,,,,,,,,,,0.06217,0.698924731182796,-2.7624755,-1.0578839,,,spike,-5.019041001796722,S1,No Domain,polar/neutral,hydroxylic,basic,basic,-1.157835,0.1644402,-1.4169326593195166,-1.639229563312204,94568
14067,I670V,0.45143542,-3.07026,0.094696045,0.06062135,-1.3016753,-3.2177603,-430.01913,-0.086878955,-1.4491756,0.040044647,0.91678804,0.23476373,I,V,670,S:0,1927,22864,24791,20227,22154,0.6719326563157896,-5.431700831578948,-0.6335706231052631,-1.0023866810526316,-3.5481321842105267,-5.5792013526315785,-430.7474021052632,-430.7474021052632,-1.149886972894737,-3.6956325842105264,670,V,-0.00825,-0.182715,-0.3311,,,,,,15.49,2.07631,16.88,2.599605816,0.00384,0.223502304147465,-7.8900147,-2.9186594,,,spike,-3.0688301026821136,S1,No Domain,nonpolar/hydrophobic,aliphatic,nonpolar/hydrophobic,aliphatic,-2.0086953,-1.811848,-2.511156485365277,-2.5305595822128693,4092
13754,H655Y,0.78327686,-2.0011582,0.9269104,0.9041646,-1.7502183,-3.5060945,-429.18692,-0.6007717,-3.2551546,0.030013908,0.54838824,0.038574856,H,Y,655,S:0,14883,21664,36547,23526,38409,0.9041580442105264,-1.9957083315789472,0.3499547066315789,0.9012587042105265,-1.7682779105263158,-3.5006446263157898,-429.7638763157895,-429.7638763157895,-0.6036776257894737,-3.273214236842105,655,Y,0,0,0,,,,,,18.91,-3.00988,5.42,1.890623274,0.63031,0.493087557603687,-3.0352051,-1.3231975,,,spike,-1.3613346815109253,S1,No Domain,basic,basic,polar/neutral,aromatic,-1.5614755,0.4039443,-1.467383285125087,-1.355546914649025,5889973
13036,P621S,0.59794354,-3.005487,0.0016479492,0.11562024,-1.7011901,-3.304779,-430.11218,-0.18367173,-2.000482,0.03670732,0.83220893,0.13527006,P,S,621,S:0,7390,22579,29969,19403,26793,0.8044429378947369,-4.662110431578947,-1.4067318584105264,-0.7285340456578947,-3.433385731578947,-4.961402552631579,-431.52056263157897,-431.52056263157897,-1.027826000526316,-3.732677810526315,621,S,-0.1209,-0.2046899999999999,-0.1826499999999999,,,,,,,,,,0.01291,0.559907834101382,-2.8379394,-1.7725142,,,spike,-2.995736673474312,S1,No Domain,nonpolar/hydrophobic,aliphatic,polar/neutral,hydroxylic,-1.6538265,-1.811848,-2.009499825109705,-2.022581435989537,2067
12879,D614G,0.6404134,-3.070056,0.10510254,0.36240467,-2.5352972,-3.907087,-430.00873,-0.47462645,-3.3723283,0.020098962,0.62211746,0.034309663,D,G,614,S:0,9262,18873,28135,20303,29565,0.9004245463157895,-3.0255173789473684,-0.6092641658421053,-0.1001557347368421,-2.566057631578947,-3.86254852631579,-430.72309526315786,-430.72309526315786,-0.937186855263158,-3.403088763157895,614,G,0,0,0,,,,,,21.05,-2.36665,24.83,0.727273059,0.17885,0.0806451612903226,-5.020459,-1.8461537,,,spike,-3.187632128596306,S1,No Domain,acidic,acidic,polar/neutral,aliphatic,-1.9342461,1.2514207,-1.885681724947012,-1.921956225520654,13906728
12859,Q613H,0.71834356,-4.535034,-0.35809326,-0.6031151,-3.6749008,-4.9885516,-430.47192,-1.0566326,-4.1284184,0.006815529,0.3476244,0.016108336,Q,H,613,S:0,12506,12726,25232,16045,28551,0.8171251236842105,-4.112990131578947,-1.617185884736842,-0.9355663385789472,-3.2151681789473687,-4.566507726315789,-431.7310163157895,-431.7310163157895,-1.3890838989473684,-3.668685810526316,613,H,-0.01907,0.05553,-0.6119,,,,,,20.08,-1.37678,2.92,1,0.02339,0.0668202764976958,-8.4679444,-3.1560068,,,spike,-4.272172152996063,S1,No Domain,polar/neutral,hydroxylic,basic,basic,-2.2644908,0.1644402,-2.721090600694977,-2.842047683962449,82568
12070,A575S,0.40492433,-4.5715876,0.23846436,-0.3682893,-3.132877,-4.7500963,-429.87537,-0.5467979,-3.3113856,0.008650862,0.57880026,0.03646561,A,S,575,S:0,971,13656,14627,21257,22228,0.5998521515789473,-5.599688252631578,0.0982762328947368,-1.025999646757895,-3.842690184210527,-5.778196952631578,-430.0155547368421,-430.0155547368421,-1.2045082257894737,-4.021198836842106,575,S,-0.09941,0.07732,0.04666,,,,,,32.59,0.239076,6.64,1.374999372,0.00707,0.440092165898617,4.3220215,-1.9226846,-0.4361,-0.666,spike,-3.416938841342926,S1,No Domain,nonpolar/hydrophobic,aliphatic,polar/neutral,hydroxylic,-1.9834741,-1.2222992,-2.449965070864582,-2.424055659874065,2690
11952,A570D,0.57870865,-4.4396915,-1.4919434,-0.46447888,-3.7384896,-4.9361653,-431.60577,-0.9609526,-4.2349634,0.0071820864,0.3825283,0.014480339,A,D,570,S:0,6511,12904,19415,9681,16192,0.6243348689473683,-3.7766655157894737,0.340315967368421,-0.284170560368421,-2.933179510526316,-4.273139268421053,-429.77351263157897,-429.77351263157897,-0.7806442510526316,-3.429653268421053,570,D,-0.5749,-1.272,1.1745,,,,,,20.33,9.82846,6.51,0.528926103,0.03209,0.377880184331797,-3.754956,-2.2214244,0.3024,0.6038,spike,-3.980951637029648,S1,No Domain,nonpolar/hydrophobic,aliphatic,acidic,acidic,-2.2477421,1.4172313,-2.5090400801177792,-2.584242079443908,1225649
11967,A570V,0.49371892,-2.6109085,2.0560913,0.2516169,-1.751805,-3.1073823,-428.05774,-0.24485682,-2.2482786,0.044717856,0.7828166,0.105580814,A,V,570,S:0,3130,23180,26310,24073,27203,0.6243348689473683,-3.7766655157894737,0.340315967368421,-0.284170560368421,-2.933179510526316,-4.273139268421053,-429.77351263157897,-429.77351263157897,-0.7806442510526316,-3.429653268421053,570,V,-0.06467,-0.13449,0.09751,,,,,,20.33,3.05864,3.82,1,0.03209,0.377880184331797,-3.1781494,-2.6414993,0.3024,0.6038,spike,-2.443622320890426,S1,No Domain,nonpolar/hydrophobic,aliphatic,nonpolar/hydrophobic,aliphatic,-2.2477421,-1.627614,-2.8842146075150987,-2.8494024461121006,2153
11622,E554K,0.8789288,-3.1305356,0.58529663,0.1618754,-2.1984324,-3.679183,-429.52853,-0.38677207,-2.7470798,0.02524359,0.6792459,0.06411482,E,K,554,S:0,17401,20536,37937,22776,40177,0.7367950415789474,-3.5699615631578947,-0.5633737617421053,-0.2758760427894737,-2.810379694736842,-4.118608968421053,-430.6772031578947,-430.6772031578947,-0.8245235000000001,-3.3590270842105263,554,K,0.08039,-0.04046,-0.08479,,,,,,34.61,2.20688,10.15,1.374999372,0.00384,0.700460829493088,-1.4397461,-0.8434332,0.1669,0.3225,spike,-3.485764890909195,S1,No Domain,acidic,acidic,basic,basic,-1.3554779,2.3065389,-1.1222903978153669,-1.1995754119647752,264
11475,T547K,0.62882566,-3.54771,-0.13793945,-0.049139544,-1.9268106,-3.7637935,-430.25177,-0.26522318,-2.1428943,0.023195582,0.76703477,0.117314816,T,K,547,S:0,8728,19955,28683,18064,26792,0.6498475921052631,-5.033745668421052,-1.3870737147368422,-0.6880330028421052,-3.58661927368421,-5.24982917368421,-431.5009042105264,-431.5009042105264,-0.9041166373684212,-3.802702847368421,547,K,-0.03492,0.07553,-0.11393,,,,,,34.22,-0.311568,8.77,0.727273059,0.1367,0.516129032258065,-0.2177246,-1.7125363,-1.4125,-0.9133,spike,-4.350870132446289,S1,No Domain,polar/neutral,hydroxylic,basic,basic,-2.0526246,1.3251143,-2.1004224854289477,-2.3008418070136485,2593652
10936,P521S,0.5312017,-1.9684339,-0.10269165,0.45938456,-1.397073,-2.6568823,-430.21652,-0.22906394,-2.0855215,0.07016664,0.7952777,0.12424232,P,S,521,S:0,4470,23812,28282,18429,22899,0.7642696568421052,-3.2465819263157893,-1.2888376342105263,-0.0850650659473684,-2.6055085842105266,-3.935030357894737,-431.4026689473684,-431.4026689473684,-0.7735135573684211,-3.293957036842105,521,S,0.04993,-0.38695,-0.26345,8.70401,10.15314,9.187946,9.993648,0.413021806737614,41.65,6.27748,6.2,0.727273059,0,0.440092165898617,-6.2873779,-2.3500206,-0.633,-1.1793,spike,-3.1189287304878235,S1,RBD,nonpolar/hydrophobic,aliphatic,polar/neutral,hydroxylic,-1.8248802,-1.811848,-2.168121056553068,-2.255436681988732,692
10591,Y505H,0.58144844,-5.4163103,-1.6700134,-1.2966814,-4.418842,-5.7947145,-431.78384,-1.6750853,-4.797246,0.0030435994,0.1872922,0.008252443,Y,H,505,S:0,6633,9922,16555,9108,15741,0.6178653931578948,-3.8920799,-0.6118292534736842,-0.3119072730947368,-2.8232305263157893,-4.270483863157895,-430.7256605263158,-430.7256605263158,-0.6903112321052632,-3.2016344473684213,505,H,0,0,0,7.56534,10.37937,8.246393999999999,10.115712,,74.39,1.99513,3.71,1.890623274,0.61411,0.776497695852535,-3.4795655,-1.0566372,-0.6564,-0.6702,spike,-5.341170827988109,S1,RBD,polar/neutral,aromatic,basic,basic,-1.1212184,0.4039443,-1.3798184102463722,-1.6575620767114343,5337415
10520,N501Y,0.5406934,-3.5054338,-2.2355347,0.025002837,-2.383195,-3.8877761,-432.34937,-0.35733947,-2.7655373,0.020490864,0.699535,0.062942274,N,Y,501,S:0,4856,18998,23854,7759,12615,0.5969791121052632,-3.888913452631579,-0.8367132926315789,-0.2501562791842105,-2.8056907578947365,-4.271255826315789,-430.9505436842105,-430.9505436842105,-0.6324985936842106,-3.1880331,501,Y,0,0,0,9.81374,10.05266,9.82298,10.028566,,75.88,-1.89031,1.58,0.528926103,0.66264,0.799539170506912,-4.1094727,-1.3156507,-0.2828,-0.0427,spike,-3.628643725000962,S1,RBD,polar/neutral,hydroxylic,polar/neutral,aromatic,-1.1076541,-0.9459482,-1.4651785726398772,-1.5423028320099057,6743345
10452,Q498R,0.5410625,-3.2948685,-0.57684326,0.0942415,-2.4736662,-3.9811587,-430.69067,-0.5920488,-3.1599565,0.018664,0.55319273,0.04242759,Q,R,498,S:0,4870,18338,23208,14250,19120,0.5004025005263157,-3.1467178,0.2595728821052631,0.0189592748421052,-2.485037152631579,-3.8330080947368415,-429.854257368421,-429.854257368421,-0.6673310421052632,-3.1713274105263154,498,R,0,0,0,8.50333,10.16332,9.623458,10.032148,,77.81,0.131664,6.17,1.374999372,0.62013,0.861751152073733,-1.8091308,-0.7687735,-0.4736,-0.111,spike,-3.660512011807932,S1,RBD,polar/neutral,hydroxylic,basic,basic,-1.0595914,1.6751588,-1.0433193149358118,-1.138444737690416,5299674
10411,G496S,0.4507585,-2.8871484,-0.40341187,0.13562071,-1.8940071,-3.298309,-430.51724,-0.27554008,-2.305168,0.036945585,0.759162,0.09974205,G,S,496,S:0,1910,22598,24508,15664,17574,0.6008859963157894,-3.798924352631579,-0.0975309721052631,-0.1816432787368421,-2.769485084210526,-4.210085121052631,-430.21136368421054,-430.21136368421054,-0.5928040763157895,-3.180645831578947,496,S,0.1024,-0.05655,-0.07865,7.84995,10.22474,8.502342,10.05773,0.269935435420691,76.89,-1.06123,10.2,1,0.12353,0.817972350230415,-5.8774414,-1.612273,-1.2519,-1.1445,spike,-2.788387808787498,S1,RBD,polar/neutral,aliphatic,polar/neutral,hydroxylic,-1.1256735,-1.3881098,-1.5190660827813969,-1.5113348209580524,2394962
10347,Q493R,0.596091,-3.504542,-0.10769653,-0.035101056,-2.811692,-4.148437,-430.22153,-0.678996,-3.455587,0.015789075,0.50712585,0.03156877,Q,R,493,S:0,7316,17103,24419,18383,25699,0.5072032157894737,-3.24577897368421,-0.0773010275631578,-0.009434670368421,-2.541457642105263,-3.889673931578947,-430.19113263157897,-430.19113263157897,-0.6533296363157896,-3.185352552631579,493,R,,0.049785,-0.41395,8.47606,10.1646,8.786778000000002,9.96246,0.607019652054144,73.41,-0.679167,6.94,1.374999372,0.33745,0.649769585253456,1.2182129,-0.6523191,0.3676,0.0448,spike,-3.717764964198021,S1,RBD,polar/neutral,hydroxylic,basic,basic,-0.9781925,1.6751588,-1.0271639924621008,-1.1187942475141497,4186792
10285,F490S,0.53881365,-2.966481,-0.024169922,0.15385544,-1.9537926,-3.4104102,-430.138,-0.29007375,-2.3977218,0.03302765,0.74820834,0.09092486,F,S,490,S:0,4776,22148,26924,19170,23946,0.5708843057894737,-3.7402666736842094,-0.2488596018947368,-0.1895393090736842,-2.778457936842105,-4.184195878947369,-430.36269,-430.36269,-0.6334685047368421,-3.2223871263157893,490,S,0.1984,-0.07904,-0.5789,8.67894,10.16168,9.01985,9.961214,0.570446074130053,78.83,2.94432,4.46,0.528926103,0.10528,0.631336405529954,-1.6445068,-1.056883,0.7896,0.0474,spike,-3.074405773424571,S1,RBD,nonpolar/hydrophobic,aromatic,polar/neutral,hydroxylic,-1.029811,-0.5590569,-1.3335154315971605,-1.3597718085031332,18770
10198,F486P,0.6001169,-3.8733475,-3.1792297,-2.797445,-3.0085635,-4.3209157,-433.29306,-3.2450132,-3.4561317,0.01328771,0.03896805,0.031551577,F,P,486,S:0,7492,15903,23395,6234,13726,0.571414212631579,-3.695950121052632,-0.7962967687368421,-0.4700097989473684,-2.734886710526316,-4.143518215789474,-430.9101263157895,-430.9101263157895,-0.9175779,-3.182454857894737,486,P,0,0,0,8.19279,10.29744,8.685852,10.098328,0.674492987133447,,,,,0.55943,0.748847926267281,-1.2017334,-1.0354928,-0.5374,-0.2134,spike,-3.666643989884223,S1,RBD,nonpolar/hydrophobic,aromatic,nonpolar/hydrophobic,aliphatic,-0.8258902,-0.9091014,-1.391066446908798,-1.4510957238153424,122
10201,F486S,0.5802551,-2.7605274,-0.41384888,0.1717144,-1.8035315,-3.2080956,-430.52768,-0.2758537,-2.2510996,0.040433545,0.75892395,0.10528339,F,S,486,S:0,6574,22896,29470,15567,22141,0.571414212631579,-3.695950121052632,-0.7962967687368421,-0.4700097989473684,-2.734886710526316,-4.143518215789474,-430.9101263157895,-430.9101263157895,-0.9175779,-3.182454857894737,486,S,-0.2269,-0.03765,-1.0376500000000002,7.62988,10.31519,8.22541,10.025994,0.564292900654785,,,,,0.55943,0.748847926267281,-2.5989014,-1.0435747,-0.5374,-0.2134,spike,-2.7811170948943182,S1,RBD,nonpolar/hydrophobic,aromatic,polar/neutral,hydroxylic,-0.8258902,-0.5590569,-1.2618460286632391,-1.2604170800939063,5497
10144,E484A,0.49371573,-2.5324974,0.15164185,0.39876142,-2.101434,-3.3935447,-429.9622,-0.46228585,-2.9624813,0.033589404,0.6298423,0.0516905,E,A,484,S:0,3129,22220,25349,20674,23803,0.5630162942105263,-2.8570904578947367,-0.3016277151684211,-0.0788738852631579,-2.326995121052632,-3.718137736842105,-430.4154589473685,-430.4154589473685,-0.9399211557894738,-3.188042389473684,484,A,0,0,0,8.49522,10.11947,8.891648,10.008568,,,,,,0.80252,0.692780337941628,-1.5075928,-0.7535934,0.2326,-0.2097,spike,-2.9191969003894176,S1,RBD,acidic,acidic,nonpolar/hydrophobic,aliphatic,-0.9007221,1.2329973,-1.000634793375847,-1.0302180072292415,5439817
10152,E484K,0.5223478,-3.0514445,0.013122559,0.07376611,-2.3662133,-3.9124918,-430.1007,-0.78728116,-3.2272606,0.019990627,0.4550804,0.039666012,E,K,484,S:0,4143,18836,22979,19517,23660,0.5630162942105263,-2.8570904578947367,-0.3016277151684211,-0.0788738852631579,-2.326995121052632,-3.718137736842105,-430.4154589473685,-430.4154589473685,-0.9399211557894738,-3.188042389473684,484,K,,-0.03175,0.1113249999999999,9.01256,10.21898,9.302516,10.033076,0.700241785457868,,,,,0.80252,0.692780337941628,-3.2153564,-0.7301855,0.2326,-0.2097,spike,-3.5189602393202053,S1,RBD,acidic,acidic,basic,basic,-0.9007221,2.3065389,-0.9082177008864116,-0.9953383481482544,293169
10157,E484Q,0.44746393,-3.0730495,-0.12310791,-0.16320264,-2.514908,-3.9340968,-430.23694,-1.0242499,-3.3759553,0.019563362,0.35906568,0.034185443,E,Q,484,S:0,1823,18695,20518,18234,20057,0.5630162942105263,-2.8570904578947367,-0.3016277151684211,-0.0788738852631579,-2.326995121052632,-3.718137736842105,-430.4154589473685,-430.4154589473685,-0.9399211557894738,-3.188042389473684,484,Q,-0.1302,-0.19629,0.0150499999999999,8.73562,10.07063,9.082014,10.110652,0.583216594208573,,,,,0.80252,0.692780337941628,-3.0506836,-1.0413532,0.2326,-0.2097,spike,-3.4363871562012767,S1,RBD,acidic,acidic,polar/neutral,hydroxylic,-0.9007221,-0.2408746,-1.245328323481052,-1.3183982502204228,25053
10089,N481K,0.57770765,-3.645382,0.741333,-0.11357623,-2.7149348,-4.117058,-429.3725,-0.5852521,-3.1866107,0.01629238,0.5569654,0.04131165,N,K,481,S:0,6462,17344,23806,23197,29659,0.6091600089473684,-3.6737252368421056,0.4267770855263157,-0.1399348836842105,-2.7573953578947368,-4.145401121052632,-429.687052631579,-429.687052631579,-0.6116107573684211,-3.2290712368421053,481,K,-0.04657,-0.1033999999999999,0.1704999999999999,8.77447,10.0213,9.18718,9.903852,0.533191248080487,,,,,0.00707,0.78110599078341,-3.3618408,-0.9189965,-0.966,-0.7105,spike,-3.907615128914885,S1,RBD,polar/neutral,hydroxylic,basic,basic,-0.7407301,0.4776379,-1.1322033978822184,-1.2468527488173144,685
10026,T478K,0.46387088,-3.6725054,-0.43746948,-0.17297024,-2.7667212,-4.1209493,-430.5513,-0.6214141,-3.2151651,0.0162291,0.53718424,0.040148705,T,K,478,S:0,2233,17319,19552,15361,17594,0.509356154736842,-3.685325226315789,-0.1031413829194737,-0.1856288212631579,-2.762278542105263,-4.133769136842106,-430.2169715789473,-430.2169715789473,-0.6340727084210527,-3.210722447368421,478,K,0,0,0,8.82254,10.28209,9.240768,10.018708,,,,,,0.70097,0.762672811059908,0.915332,-0.6497468,-1.5438,-0.6578,spike,-4.124667527054477,S1,RBD,polar/neutral,hydroxylic,basic,basic,-0.806908,1.3251143,-1.0332938243341383,-1.1842928361417189,10593397
10032,T478R,0.51846516,-3.7467809,-0.3882141,-0.15810412,-2.8263872,-4.195225,-430.50204,-0.606548,-3.274831,0.015067355,0.5452298,0.03782326,T,R,478,S:0,4003,16777,20780,15802,19805,0.509356154736842,-3.685325226315789,-0.1031413829194737,-0.1856288212631579,-2.762278542105263,-4.133769136842106,-430.2169715789473,-430.2169715789473,-0.6340727084210527,-3.210722447368421,478,R,0.02994,-0.03243,-0.225515,8.75934,10.27789,9.179964,9.988066,0.642371494759477,,,,,0.70097,0.762672811059908,-3.66333,-0.7108158,-1.5438,-0.6578,spike,-4.481612043037614,S1,RBD,polar/neutral,hydroxylic,basic,basic,-0.806908,2.6147522,-0.8973775703865883,-1.1102577988302524,2740
10008,S477N,0.33379877,-3.694978,-0.21954346,-0.12740359,-2.5310798,-4.026671,-430.33337,-0.45909655,-2.8627727,0.017833602,0.63185424,0.05711019,S,N,477,S:0,212,18024,18236,17309,17521,0.5123373636842106,-4.066979042105263,-0.0044459289999999,-0.309423100968421,-2.8833582842105265,-4.398672100000001,-430.1182784210527,-430.1182784210527,-0.6411160673684211,-3.215051226315789,477,N,0,0,0,9.4393,10.25573,9.875026,10.1342,,,,,,0.63294,0.829493087557604,-3.5137695,-1.2517707,-1.021,-0.6329,spike,-3.728536864409192,S1,RBD,polar/neutral,hydroxylic,polar/neutral,hydroxylic,-0.7773704,-1.4618034,-1.472984822245924,-1.5544820915297834,5519217
9648,N460K,0.71344864,-3.8960943,0.043060303,-0.19521463,-2.7062473,-4.223983,-430.07077,-0.52310324,-3.0341358,0.014640219,0.5926785,0.048116222,N,K,460,S:0,12310,16562,28872,19783,32093,0.6328229247368421,-4.087006284210527,-0.1624081251052631,-0.3404789262305263,-2.9106832210526314,-4.414894789473684,-430.27623736842105,-430.27623736842105,-0.6683675342105263,-3.2385717578947366,460,K,0,0.0621,0.2872,9.08639,10.48825,9.396666,10.187504,0.512000763399373,,,,,0.31048,0.880184331797235,4.2360107,-0.8708898,-0.4859,-0.369,spike,-4.185540631749326,S1,RBD,polar/neutral,hydroxylic,basic,basic,-1.2080415,0.4776379,-1.3045564222961057,-1.4522984559416132,22957
9565,F456L,0.48302764,-3.199278,0.5937195,0.07879409,-2.4851878,-3.7311604,-429.5201,-0.4530882,-3.01707,0.02396501,0.6356621,0.04894441,F,L,456,S:0,2802,20181,22983,22810,25612,0.7534080805263158,-3.4196218000000003,0.1518201325789473,-0.0585502867368421,-2.593859442105263,-3.951504121052632,-429.96201,-429.96201,-0.5904325694736843,-3.1257417263157894,456,L,0.2001,-0.48449,-0.5852999999999999,8.48777,10.14277,8.969325999999999,9.966218,0.324048518061053,,,,,0,0.638248847926267,0.0893555,-1.3159167,-0.0127,-0.7466,spike,-3.325776455927034,S1,RBD,nonpolar/hydrophobic,aromatic,nonpolar/hydrophobic,aliphatic,-1.1579878,-2.0145053,-1.6779977927353436,-1.7268589423227547,791
9550,L455S,0.7642921,-2.856017,-0.10644531,0.13893059,-1.8838996,-3.2978525,-430.22028,-0.30290493,-2.325735,0.036962457,0.7386693,0.097711585,L,S,455,S:0,14209,22604,36813,18396,32605,0.7764361205263158,-3.651477863157895,-0.0928312590736842,-0.1552709514736842,-2.6920686736842105,-4.093313257894737,-430.2066631578948,-430.2066631578948,-0.5971064715789474,-3.133904110526316,455,S,0.3167,0.038065,-0.9163,,,8.292895,10.1429875,0.583112754331495,,,,,0.01675,0.642857142857143,2.0508789,-1.0656378,-0.919,-0.6609,spike,-3.696323969827927,S1,RBD,nonpolar/hydrophobic,aliphatic,polar/neutral,hydroxylic,-1.2001144,-0.7064441,-1.4272929237404854,-1.5540846832421196,959
9485,L452Q,0.6882268,-3.5658307,-0.3421631,-0.08443174,-2.5666575,-3.9823134,-430.456,-0.5009145,-2.9831402,0.018642463,0.6059763,0.05063358,L,Q,452,S:0,11334,18333,29667,16199,27533,0.7157997931578947,-3.7068059,-0.3509617864736842,-0.1442062976436842,-2.7019420789473685,-4.123288647368421,-430.4647931578948,-430.4647931578948,-0.5606890768421052,-3.118424805263158,452,Q,0.2096,0.0536,-0.0179,9.12136,10.329,9.338252,10.143152,0.306828475277452,73.06,3.40642,3.14,0.528926103,0.68441,0.622119815668203,-4.0219238,-1.2008089,-1.7534,-0.9576,spike,-3.3645525491855883,S1,RBD,nonpolar/hydrophobic,aliphatic,polar/neutral,hydroxylic,-1.2272924,0.0857621,-1.352928275636886,-1.385241977172008,331372
9486,L452R,0.9113755,-3.5925953,-0.18182373,-0.040533245,-2.4759219,-4.009078,-430.29565,-0.45701602,-2.8924046,0.018150123,0.63317025,0.05544274,L,R,452,S:0,18019,18132,36151,17640,35659,0.7157997931578947,-3.7068059,-0.3509617864736842,-0.1442062976436842,-2.7019420789473685,-4.123288647368421,-430.4647931578948,-430.4647931578948,-0.5606890768421052,-3.118424805263158,452,R,0.1816,0.1165499999999999,-0.0236,8.93862,10.25356,9.26189,10.035304,,73.06,5.32266,3.89,0.528926103,0.68441,0.622119815668203,-4.0156983,-0.7924837,-1.7534,-0.9576,spike,-3.573308078400274,S1,RBD,nonpolar/hydrophobic,aliphatic,basic,basic,-1.2272924,3.9228134,-0.934387655821812,-0.9972748904019132,6488549
9490,L452W,0.7324218,-4.7008953,-0.39120483,-0.76756847,-3.7395146,-5.117378,-430.50504,-1.1840513,-4.1559973,0.0059917117,0.30603638,0.015670156,L,W,452,S:0,13042,12248,25290,15770,28812,0.7157997931578947,-3.7068059,-0.3509617864736842,-0.1442062976436842,-2.7019420789473685,-4.123288647368421,-430.4647931578948,-430.4647931578948,-0.5606890768421052,-3.118424805263158,452,W,-0.09617,-0.372355,-0.125551,8.49214,10.21457,9.008588,10.000098,,73.06,6.98694,1.12,0.528926103,0.68441,0.622119815668203,-2.4759522,-1.421384,-1.7534,-0.9576,spike,-5.068049544917217,S1,RBD,nonpolar/hydrophobic,aliphatic,nonpolar/hydrophobic,aromatic,-1.2272924,-1.8671182,-1.7805201301829188,-2.04983260953368,251
9432,N450D,0.5626792,-3.847384,-0.26205444,-0.1967502,-2.6003861,-4.1554985,-430.3759,-0.50486475,-2.9085007,0.015677974,0.60358715,0.05455747,N,D,450,S:0,5803,17052,22855,16911,22714,0.6601759236842105,-4.08116302631579,-0.5280215610526315,-0.3194137908947368,-2.8710920421052637,-4.3892776,-430.6418521052632,-430.6418521052632,-0.6275283389473685,-3.179206547368421,450,D,0.2437,0.0488624999999999,0.030165,8.61577,10.25207,9.057264,10.086664,0.504922969178353,75.19,0.921155,7.61,1.374999372,0.07449,0.682027649769585,-2.8704346,-1.0796385,-0.5448,-0.7114,spike,-3.704821975051426,S1,RBD,polar/neutral,hydroxylic,acidic,acidic,-1.0580944,-0.2224512,-1.341523699668428,-1.409431175776092,6792
9361,G446S,0.46939987,-2.9321744,0.18933105,0.11584443,-2.0364416,-3.4024305,-429.9245,-0.3544117,-2.5066977,0.033292253,0.701586,0.08153706,G,S,446,S:0,2412,22189,24601,20943,23355,0.6262417852631579,-3.6130875157894735,0.0465425206368421,-0.2166550984736842,-2.6852950421052637,-4.083343652631579,-430.06728842105264,-430.06728842105264,-0.6869112068421053,-3.155551142105264,446,S,0,-0.07095,0.0751,8.43807,10.17006,8.621646,9.882268,0.523839200207069,,,,,0.30885,0.928571428571428,,-1.7192479,-0.537,-0.5834,spike,-3.0145950252680644,S1,RBD,polar/neutral,aliphatic,polar/neutral,hydroxylic,-0.8698046,-1.3881098,-1.4338358482740017,-1.4537764348673106,1885563
9331,V445H,0.82959735,-5.2114344,-1.0487976,-1.0610876,-4.1738067,-5.633044,-431.16263,-1.482697,-4.595416,0.0035776692,0.22702457,0.010098019,V,H,445,S:0,16215,10393,26608,11446,27661,0.6086854110526316,-3.7959399,-0.4047176916842105,-0.2749299997368421,-2.8204223263157893,-4.2175493263157895,-430.5185484210526,-430.5185484210526,-0.6965393357894737,-3.2420317263157896,445,H,-0.1307,-0.01448,0.1736,8.56579,10.22478,8.813737999999999,10.034956,0.68069904080943,,,,,0.06468,0.933179723502304,,-1.2929602,-1.2845,-0.0565,spike,-5.22204045542951,S1,RBD,nonpolar/hydrophobic,aliphatic,basic,basic,-0.8212232,1.3619611,-1.1373055554255558,-1.4035860420480355,
9337,V445P,0.54863524,-3.7258573,-0.868103,-0.27476275,-2.893498,-4.1474667,-430.98193,-0.6963721,-3.3151073,0.015804403,0.49839014,0.03633015,V,P,445,S:0,5188,17114,22302,12366,17554,0.6086854110526316,-3.7959399,-0.4047176916842105,-0.2749299997368421,-2.8204223263157893,-4.2175493263157895,-430.5185484210526,-430.5185484210526,-0.6965393357894737,-3.2420317263157896,445,P,0,0,0,8.68157,10.21868,8.974219999999999,10.146452,0.211118976995541,,,,,0.06468,0.933179723502304,,-1.6445137,-1.2845,-0.0565,spike,-3.721059655685331,S1,RBD,nonpolar/hydrophobic,aliphatic,nonpolar/hydrophobic,aliphatic,-0.8212232,-1.0380652,-1.404133662827504,-1.482450519432345,1144
9320,K444T,0.5822171,-2.7387311,0.15841675,0.25521863,-1.9401796,-3.361025,-429.9554,-0.36707538,-2.5624735,0.03469967,0.69275737,0.07711376,K,T,444,S:0,6661,22370,29031,20732,27393,0.6968500778947369,-3.273360663157894,-0.0700249896842105,-0.0358136164736842,-2.537739889473684,-3.8956546,-430.1838547368421,-430.1838547368421,-0.6581076284210526,-3.160033831578948,444,T,0.09751,0.035175,-0.0643,8.44666,10.2903,8.884041999999999,10.047248,0.721701898657218,76.81,1.61445,6.43,0.727273059,0.29436,0.870967741935484,1.8658936,-0.7012143,-0.1081,-0.4083,spike,-2.491312288433367,S1,RBD,basic,basic,polar/neutral,hydroxylic,-1.0280363,1.3251143,-1.0409393848243709,-1.0046144800935546,9125
9228,N440K,0.505117,-3.6947284,-0.032836914,-0.08865169,-2.681113,-4.1408257,-430.14667,-0.5347491,-3.1272104,0.015909707,0.58581626,0.043839924,N,K,440,S:0,3507,17158,20665,19092,22599,0.5361627878947368,-3.664691389473685,-0.4497247015789473,-0.179293287368421,-2.718068042105263,-4.11078875263158,-430.5635589473685,-430.5635589473685,-0.6253906915789473,-3.1641654210526315,440,K,0,0,0,9.04124,10.29091,9.39348,10.079468,,74.22,0.229431,7.1,1,0.61108,0.815668202764977,-0.1383057,-0.8301667,-0.6425,-0.2092,spike,-4.113993672402616,S1,RBD,polar/neutral,hydroxylic,basic,basic,-0.9769245,0.4776379,-1.1948572331137166,-1.34254041667868,4670081
8748,K417N,0.621516,-3.1624908,0.06448364,0.114014745,-2.322689,-3.7597604,-430.04935,-0.4832549,-2.9199586,0.02328932,0.6167726,0.053935923,K,N,417,S:0,8403,19986,28389,19969,28372,0.6847723957894737,-3.350365405263158,0.3525149678947368,-0.0409311694210526,-2.5852850789473685,-3.947634931578947,-429.76131526315794,-429.76131526315794,-0.6382008294736842,-3.1825546684210524,417,N,0,0,0,8.08535,10.39032,8.690862,10.165028,,67.2,3.18463,6.22,1,0.67734,0.709677419354839,-1.0328125,-0.9750481,0.0836,-0.4315,spike,-3.105280901919973,S1,RBD,basic,basic,polar/neutral,hydroxylic,-1.2435786,0.4776379,-1.27844829503148,-1.2975115454708326,4726437
8753,K417T,0.6431382,-2.6595912,0.2942505,0.280657,-1.8304144,-3.2568607,-429.81958,-0.31661266,-2.427684,0.0385091,0.7286129,0.08824096,K,T,417,S:0,9381,22735,32116,21563,30944,0.6847723957894737,-3.350365405263158,0.3525149678947368,-0.0409311694210526,-2.5852850789473685,-3.947634931578947,-429.76131526315794,-429.76131526315794,-0.6382008294736842,-3.1825546684210524,417,T,-0.2398,0.0836375,0.35445,8.30893,10.2836,8.864962,10.195514,0.294913792235703,67.2,4.95821,6.43,0.727273059,0.67734,0.709677419354839,-1.0065918,-0.864482,0.0836,-0.4315,spike,-2.4793965670780382,S1,RBD,basic,basic,polar/neutral,hydroxylic,-1.2435786,1.3251143,-1.135155739404854,-1.1018690152804802,162730
8563,R408S,0.6073289,-3.1770225,-0.381073,0.09633559,-2.3519402,-3.715845,-430.4949,-0.44248718,-2.8907628,0.024334867,0.64243656,0.055533834,R,S,408,S:0,7767,20273,28040,15861,23628,0.7184198363157894,-3.5406147684210523,0.0016254655789473,-0.1073956577578947,-2.700018252631579,-4.079437426315789,-430.1122052631579,-430.1122052631579,-0.6462184305263158,-3.2388410263157894,408,S,0,0,0,8.52664,10.30954,8.95638,10.109616,,67.68,2.82876,4.7,0.727273059,0.58107,0.688940092165899,-6.0460694,-1.2168311,-1.0671,-1.1722,spike,-3.198050741961344,S1,RBD,basic,basic,polar/neutral,hydroxylic,-1.3291926,2.467365,-1.0911687379077133,-1.1226104288302656,2925450
8496,D405N,0.5301756,-2.8061423,0.089660645,0.1729863,-1.9664464,-3.2440984,-430.02417,-0.26496986,-2.4044025,0.03900371,0.7672291,0.09031944,D,N,405,S:0,4432,22765,27197,20188,24620,0.7167075842105263,-3.8080225684210527,-0.8188524728947368,-0.2064181818421052,-2.7981689315789477,-4.2459787,-430.9326831578948,-430.9326831578948,-0.6443743226315789,-3.2361250684210527,405,N,0,0,0,8.44747,10.20643,8.667241999999998,10.029984,,71.2,1.29292,5.95,1.374999372,0.58887,0.767281105990783,-4.9968506,-1.3391462,-1.1151,-1.1401,spike,-3.0181001697607464,S1,RBD,acidic,acidic,polar/neutral,hydroxylic,-1.2082725,-0.2224512,-1.346559002911496,-1.3742328946896465,3067876
8451,R403K,0.49009293,-3.0135612,0.05618286,0.13841346,-2.2120104,-3.6101658,-430.05765,-0.45819107,-2.808615,0.02704736,0.6324267,0.06028844,R,K,403,S:0,3010,21001,24011,19906,22916,0.7288518715789474,-3.3819339157894737,0.1337071452631578,-0.0610810414736842,-2.658495757894737,-3.978538447368421,-429.9801257894737,-429.9801257894737,-0.6576855778947369,-3.2551003263157896,403,K,-0.5485,-0.1909,0.9787,8.60249,9.95706,9.165682,9.815908,0.312542008444518,72.85,2.76388,11.7,1.890623274,0.00384,0.596774193548387,-0.9625732,-1.2785632,-0.166,0.0615,spike,-3.00791034151056,S1,RBD,basic,basic,basic,basic,-1.3940684,-0.8722546,-1.5877427149147232,-1.6020246328977783,703
7876,T376A,0.41182706,-3.886448,-0.052520752,-0.15152207,-2.690822,-4.2194986,-430.16635,-0.48457277,-3.0238726,0.014706016,0.6159603,0.048612595,T,A,376,S:0,1099,16595,17694,18923,20022,0.5544753147368421,-4.068064836842105,-0.3735994075526315,-0.330114315368421,-2.912590057894737,-4.401115536842106,-430.4874294736842,-430.4874294736842,-0.6631650142105263,-3.2456407736842103,376,A,0,0,0,8.3993,9.52653,8.868988,9.42794,,63.17,1.05238,3.36,1,0.59438,0.396313364055299,-7.7022705,-2.1455014,-1.0721,-1.2014,spike,-3.713419838697231,S1,RBD,polar/neutral,hydroxylic,nonpolar/hydrophobic,aliphatic,-1.4644148,-1.3696864,-1.7900098836039382,-1.856809487265691,3065162
7859,S375F,0.5881784,-3.9671507,-0.3678589,-0.21520573,-2.6894536,-4.272012,-430.4817,-0.5200672,-2.9943151,0.013953676,0.5944806,0.050070904,S,F,375,S:0,6942,16214,23156,15967,22909,0.5693493478947369,-4.174713278947368,-0.4567003834210526,-0.5097240975789474,-2.9423247368421053,-4.479574847368421,-430.5705310526316,-430.5705310526316,-0.81458559,-3.2471862894736843,375,F,0,0,0,8.26693,8.76563,8.635152,8.4521,,64.53,-4.12283,1.15,0.528926103,0.61338,0.525345622119816,-6.8616211,-1.7548348,-1.1257,-1.271,spike,-4.485686798395373,S1,RBD,polar/neutral,hydroxylic,nonpolar/hydrophobic,aromatic,-1.3488459,-0.5590569,-1.5590004219384117,-1.758504100326009,5355169
7825,S373P,0.46616113,-4.1848726,-0.17160034,-0.3331722,-2.8411355,-4.470401,-430.28543,-0.6187003,-3.1266637,0.011442728,0.538644,0.0438639,S,P,373,S:0,2294,15009,17303,17751,20045,0.5848223784210527,-4.262886336842105,-0.3182341005263158,-0.3889932509105263,-2.9696917157894736,-4.5484145736842105,-430.4320647368421,-430.4320647368421,-0.6745213705263158,-3.255219915789473,373,P,0,0,0,8.74822,10.15784,9.13586,9.912742,,63.75,1.8956,5.41,0.727273059,0.61338,0.56605222734255,-5.0844483,-1.6428576,-0.2329,-1.0373,spike,-4.074070003779875,S1,RBD,polar/neutral,hydroxylic,nonpolar/hydrophobic,aliphatic,-1.2399054,-1.811848,-1.7409096605624328,-1.8496795491106512,5374142
7775,S371F,0.5928762,-4.334601,-0.41955566,-0.33184722,-3.0320036,-4.6083984,-430.5334,-0.6056446,-3.305801,0.00996777,0.54572254,0.03666983,S,F,371,S:0,7165,14315,21480,15510,22675,0.5904464942105263,-4.333529668421053,-0.332370152368421,-0.4419127791578947,-3.0270815,-4.607327115789474,-430.4462010526316,-430.4462010526316,-0.7157101484210526,-3.3008788368421054,371,F,0,0,0,8.49993,9.49744,8.949188000000001,9.22785,,61.53,-0.133638,0.83,0.528926103,0.71341,0.539170506912442,-7.4837646,-1.8270932,-0.778,-1.251,spike,-4.556913919459081,S1,RBD,polar/neutral,hydroxylic,nonpolar/hydrophobic,aromatic,-1.2749254,-0.5590569,-1.5358058716973706,-1.7248231848873337,3046477
7780,S371L,0.57503873,-4.0113006,-0.18054199,-0.20159054,-2.709369,-4.285098,-430.29437,-0.4753879,-2.9831662,0.01377227,0.6216439,0.05063227,S,L,371,S:0,6367,16137,22504,17656,24023,0.5904464942105263,-4.333529668421053,-0.332370152368421,-0.4419127791578947,-3.0270815,-4.607327115789474,-430.4462010526316,-430.4462010526316,-0.7157101484210526,-3.3008788368421054,371,L,-0.06392,-2.11165,-0.2434,8.49113,9.36822,8.917108,9.331506,0.200368602895238,61.53,-0.529878,2.32,0.528926103,0.71341,0.539170506912442,-6.0181397,-1.5920428,-0.778,-1.251,spike,-4.205764154490181,S1,RBD,polar/neutral,hydroxylic,nonpolar/hydrophobic,aliphatic,-1.2749254,-0.7064441,-1.539953668222557,-1.6838990673379386,2273979
7715,L368I,0.3419187,-3.715199,-0.062469482,-0.10164398,-2.4598322,-4.021669,-430.1763,-0.40811402,-2.766302,0.01792303,0.6649031,0.06289415,L,I,368,S:0,272,18054,18326,18822,19094,0.5200544552631579,-4.122602036842105,-0.2120168569473684,-0.3277897128421053,-2.9052490315789474,-4.429071957894737,-430.3258468421053,-430.3258468421053,-0.6342597521052632,-3.211718994736842,368,I,0,0.019985,0.26775,8.68141,10.17803,9.135556,10.00803,0.141836016979582,58.4,1.53034,12.76,1.890623274,0.04131,0.253456221198157,-5.4130372,-2.0162627,-1.6068,-1.3272,spike,-3.6677433233661816,S1,RBD,nonpolar/hydrophobic,aliphatic,nonpolar/hydrophobic,aliphatic,-1.6561484,-1.7934246,-2.051560617212677,-2.121864319175511,3290
7472,K356T,1.1429116,-1.9024223,0.920105,0.5842977,-1.0092653,-2.5645962,-429.19373,-0.07787614,-1.6714392,0.076950245,0.925079,0.18797635,K,T,356,S:0,21045,23874,44919,23520,44565,0.8214691221052631,-3.254625394736842,-0.2823341773684211,0.0258736608421052,-2.6022266263157894,-3.916799168421053,-430.3961647368421,-430.3961647368421,-0.6363001994736842,-3.2644004578947365,356,T,0.3649,-0.4098,-0.5723,8.81506,10.16491,9.227602,9.827932,0.665426764218274,57.42,3.38494,9.02,0.727273059,0.05853,0.414746543778802,-0.1765869,-1.0512272,-0.8641,-0.8585,spike,-1.497520738433453,S1,RBD,basic,basic,polar/neutral,hydroxylic,-1.5343534,1.3251143,-1.3111259530216226,-1.2163323803288435,3003
7254,R346K,0.5166327,-3.039223,0.1763916,0.17135394,-2.1838717,-3.584904,-429.93744,-0.37432706,-2.7295527,0.027739333,0.687752,0.06524847,R,K,346,S:0,3933,21156,25089,20870,24803,0.758922797368421,-3.4834205578947373,-0.9071815871578948,-0.1720955784736842,-2.700358263157894,-4.029101568421052,-431.0210126315789,-431.0210126315789,-0.71777658,-3.2460392789473684,346,K,-0.3436,0.063105,0.193135,8.84558,10.21346,9.271458,10.08997,0.430647386709141,69.27,1.08361,11.48,1.890623274,0.40956,0.64900153609831,-2.5563965,-1.18578,,,spike,-3.050881536012961,S1,RBD,basic,basic,basic,basic,-1.1054401,-0.8722546,-1.4228002190091045,-1.4415243734948295,1398832
7262,R346T,0.68030405,-2.5187964,-0.14541626,0.29948175,-1.7182152,-3.0644774,-430.25925,-0.24619925,-2.2638962,0.046678226,0.7817665,0.103944704,R,T,346,S:0,11021,23279,34300,18003,29024,0.758922797368421,-3.4834205578947373,-0.9071815871578948,-0.1720955784736842,-2.700358263157894,-4.029101568421052,-431.0210126315789,-431.0210126315789,-0.71777658,-3.2460392789473684,346,T,0,0.11395,0.044695,8.91028,10.32872,9.324108,10.212362,0.531310936822385,69.27,2.14149,5.57,0.727273059,0.40956,0.64900153609831,-0.99729,-0.6590509,,,spike,-2.235866537143397,S1,RBD,basic,basic,polar/neutral,hydroxylic,-1.1054401,2.6147522,-0.9185323984399352,-0.8649738192233414,96380
7101,G339D,0.7921232,-4.336201,-1.6676025,-0.1840091,-2.681367,-4.543849,-431.78143,-0.39165694,-2.8890147,0.010632404,0.675936,0.055631,G,D,339,S:0,15133,14639,29772,9118,24251,0.9379803594736842,-4.681324773684211,-1.778567653157895,-0.5258234078947368,-3.108873605263158,-4.888972647368422,-431.89239789473686,-431.89239789473686,-0.7334712357894737,-3.3165214,339,D,0.09215,0.022985,-0.05295,8.95123,10.34227,9.360518,10.14884,,61.33,-2.66874,6.89,0.727273059,0.74749,0.547619047619048,0.9986816,-0.8992709,,,spike,-3.6279202352268527,S1,RBD,polar/neutral,aliphatic,acidic,acidic,-1.3655081,1.2514207,-1.3255077829598334,-1.3487349751747706,5488135
7105,G339H,0.76335764,-5.707913,-1.7715759,-1.0957332,-4.1777782,-5.9155607,-431.8854,-1.303381,-4.385426,0.002697147,0.27161193,0.012457579,G,H,339,S:0,14174,9629,23803,8811,22985,0.9379803594736842,-4.681324773684211,-1.778567653157895,-0.5258234078947368,-3.108873605263158,-4.888972647368422,-431.89239789473686,-431.89239789473686,-0.7334712357894737,-3.3165214,339,H,0,0.005515,-0.1694,8.77127,10.19405,9.319874,10.196162,0.237841210074868,61.33,0.830706,1.2,0.528926103,0.74749,0.547619047619048,-2.2752442,-1.0810051,,,spike,-5.582007424397466,S1,RBD,polar/neutral,aliphatic,basic,basic,-1.3655081,0.6618719,-1.5037893606384412,-1.8150021250461477,15384
6969,I332V,0.42954224,-3.0360775,0.24734497,0.10533726,-1.9466227,-3.4131765,-429.8665,-0.27176186,-2.323722,0.03293641,0.7620357,0.0979085,I,V,332,S:0,1413,22135,23548,21302,22715,0.7267442673684211,-4.0465959,-0.5776848962631579,-0.4496760202894737,-2.981718084210526,-4.423694942105263,-430.69151631578944,-430.69151631578944,-0.8267751547368422,-3.358817147368421,332,V,-0.2017,-0.19133,0.2954,8.7997,10.27263,9.060575,10.121454,0.101131451302989,47.45,2.2562,13.44,2.599605816,0,0.670506912442396,-5.6594971,-1.9189885,-0.384,-1.269,spike,-2.945918569127384,S1,RBD,nonpolar/hydrophobic,aliphatic,nonpolar/hydrophobic,aliphatic,-1.5200156,-1.811848,-1.8743207745477517,-1.8788227920210168,70
5526,A264D,0.8167851,-3.553082,-0.4802246,-0.073874205,-2.553724,-3.956104,-430.59406,-0.47689635,-2.956746,0.019137528,0.62070686,0.05198781,A,D,264,S:0,15867,18528,34395,15010,30877,1.1399744021052631,-3.792826147368421,-1.0078911921052631,-0.1899735279210526,-2.748855805263158,-4.19584827368421,-431.12172210526313,-431.12172210526313,-0.5929956757894737,-3.151877842105263,264,D,0.03034,0.02967,-0.02205,,,,,,36.27,1.60602,6.51,0.528926103,0.00768,0.45852534562212,-7.5289305,-1.6458443,-1.8563,-1.2457,spike,-3.472657281655808,S1,NTD,nonpolar/hydrophobic,aliphatic,acidic,acidic,-1.4048208,1.4172313,-1.283028868388362,-1.3326289323378768,43
5407,W258L,0.6648043,-1.5253823,0.47409058,0.75745976,-1.0746193,-2.4821854,-429.63974,-0.19934332,-2.0314224,0.08356042,0.8192686,0.13114884,W,L,258,S:0,10364,23934,34298,22373,32737,0.8906939894736842,-2.6908704631578946,-0.4785059905263157,0.2316720269947368,-2.2387095842105262,-3.6476735736842105,-430.59233526315785,-430.59233526315785,-0.7251310578947369,-3.1955126789473685,258,L,-0.04473,-0.54525,-0.52225,,,,,,,,,,0.01797,0.444700460829493,-4.1499267,-1.560157,-0.1471,-1.0357,spike,-1.2940272395622616,S1,NTD,nonpolar/hydrophobic,aromatic,nonpolar/hydrophobic,aliphatic,-1.2524249,-1.8671182,-1.6062521153803822,-1.5126804592518386,27315
5392,G257S,0.43634796,-3.0920572,-0.007965088,0.0866918,-2.2020674,-3.5397182,-430.1218,-0.36096925,-2.6497283,0.029021507,0.69700044,0.07067042,G,S,257,S:0,1573,21454,23027,19313,20886,0.7515484742105263,-3.678959542105263,-0.0295940200263157,-0.1698383882631579,-2.720320626315789,-4.12662047368421,-430.14342578947367,-430.14342578947367,-0.6174994284210527,-3.167981605263158,257,S,-0.03566,-0.0980999999999999,0.0414849999999999,,,,,,,,,,0.21921,0.576036866359447,-0.6396729,-1.2669376,-0.7179,-1.0093,spike,-3.001547970158081,S1,NTD,polar/neutral,aliphatic,polar/neutral,hydroxylic,-1.2524249,-1.3881098,-1.5953987896299229,-1.6041940710725355,18781
5298,D253G,0.731158,-2.776505,0.5531311,0.24987769,-2.1998246,-3.4424112,-429.5607,-0.41602844,-2.8657308,0.031987462,0.65966153,0.056941506,D,G,253,S:0,12985,21980,34965,22665,35650,0.7142170689473685,-3.1903094684210527,0.2812210875789473,0.0506514644736842,-2.5122056631578946,-3.8562156263157896,-429.83261105263153,-429.83261105263153,-0.6152546721052632,-3.178111852631579,253,G,-0.2303,-0.0786699999999999,0.0288,,,,,,,,,,0.045,0.69815668202765,-4.9913329,-1.0896633,-0.6495,-0.0083,spike,-3.099210252036342,S1,NTD,acidic,acidic,polar/neutral,aliphatic,-1.1151401,1.2514207,-1.0870010628159903,-1.1276717340539144,82114
5289,G252V,0.699713,-2.7280364,-0.108551025,0.21772835,-1.9108161,-3.2622657,-430.22238,-0.31650105,-2.4450455,0.03830152,0.72869414,0.086722195,G,V,252,S:0,11757,22720,34477,18369,30126,0.7346275331578948,-3.4977289,-0.2024520094052631,-0.0934148162105263,-2.6572423,-4.031958205263158,-430.3162810526316,-430.3162810526316,-0.6276442142105264,-3.1914716052631578,252,V,0,-0.04687,-0.08625,,,,,,,,,,0.04112,0.728110599078341,-5.1668946,-1.5564356,-1.2055,-0.8594,spike,-2.7411591298528566,S1,NTD,polar/neutral,aliphatic,nonpolar/hydrophobic,aliphatic,-1.1817652,-1.4618034,-1.550757252044269,-1.546018455916577,2984
5157,R246N,0.5335599,-2.9248207,0.045288086,0.13504499,-2.0330522,-3.3989356,-430.06854,-0.3390699,-2.507167,0.03340881,0.7124326,0.081498794,R,N,246,S:0,4548,22202,26750,19802,24350,0.7256188047368421,-3.6933972,-0.5932440514736842,-0.1735078837,-2.7416194052631577,-4.167512105263159,-430.7070742105263,-430.7070742105263,-0.6476227842105263,-3.215734289473684,246,N,0.113,-0.395435,0.1901149999999999,,,,,,,,,,0.02855,0.550691244239631,-3.549292,-0.9579062,-0.7697,-0.9979,spike,-2.8046873211860657,S1,NTD,basic,basic,polar/neutral,hydroxylic,-1.2524249,1.7672758,-1.102750907897623,-1.094964840343814,8
5136,H245N,1.170913,-1.6676108,0.7069702,0.7443656,-0.7414299,-2.530212,-429.40686,-0.11823561,-1.6040311,0.07964213,0.88848674,0.2010843,H,N,245,S:0,21271,23905,45176,23105,44376,0.8710582763157895,-2.8738067,-0.3680917871578947,0.1833428929473684,-2.411009789473684,-3.7364080157894737,-430.4819247368421,-430.4819247368421,-0.6792582689473684,-3.273611010526316,245,N,0.002329,0.06882,0.0271499999999999,,,,,,42.36,0.509873,8.13,1.374999372,0.06349,0.536866359447005,-4.1690185,-1.1032265,-0.1997,-0.968,spike,-1.1384071111679075,S1,NTD,basic,basic,polar/neutral,hydroxylic,-0.9627551,0.0723232,-1.1371780122122024,-1.0238055163630024,1374
4659,A222V,0.49640632,-2.9464793,0.240448,0.13396445,-2.0775268,-3.4395437,-429.87338,-0.35909998,-2.5705912,0.03207932,0.6983046,0.076490305,A,V,222,S:0,3212,21997,25209,21264,24476,0.6036187110526315,-3.5728653,-0.1251622271052631,-0.1221701724736842,-2.688273926315789,-4.065929705263158,-430.2389921052632,-430.2389921052632,-0.6152346047368421,-3.181338336842105,222,V,-0.2092,-0.00278,0.23695,,,,,,32.48,3.89123,7.15,1,0.25229,0.45852534562212,1.5316162,-1.9391725,-0.3798,-0.7955,spike,-3.0061384439468384,S1,NTD,nonpolar/hydrophobic,aliphatic,nonpolar/hydrophobic,aliphatic,-1.9282927,-1.627614,-2.33721957444474,-2.355166290169021,692274
4520,L216F,0.45151424,-3.7874906,-0.15368652,-0.08122988,-2.0846355,-3.9428887,-430.26752,-0.23662807,-2.2400336,0.019392114,0.78928477,0.10645493,L,F,216,S:0,1934,18628,20562,17926,19860,0.7531964931578947,-4.927450121052632,-1.4530575336842106,-0.5344954347368421,-3.1706220157894736,-5.082848431578947,-431.5668884210526,-431.5668884210526,-0.6898936294736843,-3.326020163157895,216,F,-0.05729,0.07558,-0.1718,,,,,,36.02,4.49818,6.19,1,0,0.460829493087558,-2.0615479,-1.7982695,-1.6468,-1.1779,spike,-3.871763065457344,S1,NTD,nonpolar/hydrophobic,aliphatic,nonpolar/hydrophobic,aromatic,-1.6816064,-2.0145053,-2.130884013447632,-2.2304276128721736,10455
4500,D215G,0.49255708,-3.3871222,-0.042236328,0.04747325,-2.350513,-3.8647823,-430.15607,-0.4301868,-2.8281732,0.020967485,0.6503876,0.059120763,D,G,215,S:0,3095,19178,22273,19010,22105,0.6611158173684211,-3.611356663157895,-0.4927930338947368,-0.1314769736842105,-2.6835551421052632,-4.089016805263158,-430.60662473684215,-430.60662473684215,-0.6091370347368421,-3.161215257894737,215,G,-0.04541,0.0398725,0.089005,,,,,,36.28,5.5845,8.3,0.727273059,0.06869,0.638248847926267,1.8042725,-0.8403864,-0.4288,-0.6972,spike,-3.5228104889392853,S1,NTD,acidic,acidic,polar/neutral,aliphatic,-1.2943471,1.2514207,-1.2170998369336283,-1.28472195614389,41501
4439,L212I,0.4830622,-3.6456246,-0.0897522,-0.063197196,-2.2973406,-3.8811662,-430.20358,-0.29873887,-2.5328822,0.020626755,0.74175304,0.07942976,L,I,212,S:0,2803,19052,21855,18564,21367,0.6749836684210526,-4.450408484210526,-0.7403098618947369,-0.403277974736842,-2.998861289473684,-4.6859502684210526,-430.85414,-430.85414,-0.6388196494736842,-3.2344029,212,I,-0.07298,-0.0430099999999999,0.01945,,,,,,38.69,-1.63974,7.09,1.890623274,0.14846,0.790322580645161,-1.7797119,-1.3241502,-0.2582,-0.7385,spike,-3.709795206785202,S1,NTD,nonpolar/hydrophobic,aliphatic,nonpolar/hydrophobic,aliphatic,-1.1322793,-1.7934246,-1.647968437870977,-1.7295021515450184,1262
4407,I210V,0.3575151,-3.3355982,-0.17800903,0.00091704726,-2.2113085,-3.657102,-430.29184,-0.32058674,-2.5328124,0.02580719,0.7257231,0.079435304,I,V,210,S:0,401,20684,21085,17686,18087,0.6093905205263157,-4.093767436842105,-0.466032324368421,-0.3222104092547368,-2.8787933210526315,-4.415271221052632,-430.5798647368421,-430.5798647368421,-0.6437141884210525,-3.2002971842105263,210,V,,0.04909,0.2418,,,,,,38.57,2.46113,13.44,2.599605816,0.18774,0.735023041474654,,-2.0284246,-0.2225,-0.8566,spike,-3.183506697416305,S1,NTD,nonpolar/hydrophobic,aliphatic,nonpolar/hydrophobic,aliphatic,-1.3706656,-1.811848,-1.7701039317900007,-1.7899133491224284,14884
4378,P209L,1.299738,-2.6455908,0.07992554,0.28048578,-1.8084195,-3.2046742,-430.0339,-0.27859762,-2.367503,0.040572118,0.75684434,0.093714446,P,L,209,S:0,22132,22909,45041,20113,42245,1.064120656842105,-3.408701205263158,-0.6195100533684211,-0.0742018799473684,-2.6038042947368423,-3.967784694736842,-430.7333394736842,-430.7333394736842,-0.6332852857894737,-3.1628877473684214,209,L,-0.06988,0.0410149999999999,0.0277,,,,,,38.03,1.88794,3.97,0.384673705,0.02339,0.817204301075269,-3.7685546,-1.3413102,-0.3266,-0.9795,spike,-3.4193467497825623,S1,NTD,nonpolar/hydrophobic,aliphatic,nonpolar/hydrophobic,aliphatic,-1.1860029,-1.0564886,-1.471280906137274,-1.5663078157340558,1985
3985,R190S,0.8728242,-2.4990103,0.6811218,0.32490316,-1.5914788,-3.1034007,-429.4327,-0.27948728,-2.1958692,0.044896264,0.7561713,0.111261815,R,S,190,S:0,17269,23193,40462,23052,40321,0.836230565263158,-3.467264742105263,-0.2429472294210526,-0.1735155182052631,-2.753414912105263,-4.0716551894736845,-430.3567789473684,-430.3567789473684,-0.7779059644210526,-3.357805336842105,190,S,0.09578,-0.13129,-0.22105,,,,,,34.67,6.45809,2.68,0.727273059,0.06632,0.476958525345622,-6.51521,-1.389481,-0.9959,-1.2831,spike,-2.3089791536331177,S1,NTD,basic,basic,polar/neutral,hydroxylic,-1.4617764,2.467365,-1.1517151463385986,-1.1074856128686927,140257
3867,N185D,0.4646703,-3.5284262,0.13134766,-0.016483784,-2.6105547,-3.980266,-429.98248,-0.46832383,-3.0623949,0.018680668,0.6260508,0.046775535,N,D,185,S:0,2253,18346,20599,20522,22775,0.6433436452631579,-3.6589037157894735,0.0440754132105263,-0.1688942935789473,-2.706356957894737,-4.110743631578948,-430.06975736842105,-430.06975736842105,-0.620734337368421,-3.158196984210526,185,D,0.01641,0.07193,0.009354,,,,,,,,,,0.02059,0.813364055299539,-5.8723143,-1.4054538,-1.0589,-1.0634,spike,-3.468535602092743,S1,NTD,polar/neutral,hydroxylic,acidic,acidic,-1.1047723,-0.2224512,-1.3403647538667796,-1.3908586345629794,4226
3826,Q183E,0.63276964,-3.239956,0.10443115,0.080145,-2.6569457,-4.1335573,-430.0094,-0.8134563,-3.550547,0.016025767,0.44332314,0.028708937,Q,E,183,S:0,8885,17208,26093,20299,29184,0.7475432131578947,-2.7709643263157897,0.559718082368421,0.2530202542105263,-2.2495605,-3.6645657052631577,-429.55411210526313,-429.55411210526313,-0.6405810489473683,-3.1431618578947367,183,E,0,-0.013215,-0.16225,,,,,,,,,,0.04353,0.905529953917051,-1.5978516,-1.103404,-0.4646,-0.7165,spike,-3.132439911365509,S1,NTD,polar/neutral,hydroxylic,acidic,acidic,-1.2442461,-0.2408746,-1.394615380161071,-1.412894493356458,1359
3303,R158G,0.91892564,-3.3349154,-0.21542358,0.006545663,-2.3663967,-3.7677217,-430.32925,-0.42626056,-2.799203,0.023104643,0.65294623,0.06085855,R,G,158,S:0,18164,19924,38088,17347,35511,0.8786002436842105,-3.673264689473684,-0.2971175373684211,-0.1574595982631579,-2.689783726315789,-4.106070878947368,-430.41094842105264,-430.41094842105264,-0.5902658236842105,-3.122589978947369,158,G,0.06591,-0.069745,-0.033173,,,,,,,,,,0.34986,0.345622119815668,-0.7640869,-0.5672093,0.2031,-0.7566,spike,-3.0986625254154205,S1,NTD,basic,basic,polar/neutral,aliphatic,-1.0316176,3.2411477,-0.881485811430836,-0.8892569355870029,9076
3286,F157L,0.5533785,-3.323599,-0.42529297,0.006723106,-1.8941144,-3.5711427,-430.53912,-0.2408204,-2.1416578,0.028123701,0.7859828,0.11745995,F,L,157,S:0,5382,21256,26638,15460,20842,1.0292305657894738,-4.415070410526316,-1.4041683742105262,-0.4976482727368421,-3.037263694736842,-4.6626138,-431.5179989473684,-431.5179989473684,-0.7451917863157895,-3.284807257894737,157,L,0.04657,-0.0324949999999999,0.1489619999999999,,,,,,,,,,0.51321,0.449308755760369,-2.585498,-1.3671791,-0.611,-0.9649,spike,-3.020357429981232,S1,NTD,nonpolar/hydrophobic,aromatic,nonpolar/hydrophobic,aliphatic,-1.0316176,-2.0145053,-1.6325580659031025,-1.6300966888731074,24694
3292,F157S,1.1541255,-4.245229,-1.9213867,-0.41083187,-2.8673863,-4.492772,-432.03522,-0.6583754,-3.11493,0.011189582,0.51769173,0.044381615,F,S,157,S:0,21152,14894,36046,8436,29588,1.0292305657894738,-4.415070410526316,-1.4041683742105262,-0.4976482727368421,-3.037263694736842,-4.6626138,-431.5179989473684,-431.5179989473684,-0.7451917863157895,-3.284807257894737,157,S,0.02168,0.04389,-0.008543,,,,,,,,,,0.51321,0.449308755760369,0.2955566,-0.9957385,-0.611,-0.9649,spike,-3.2615936398506165,S1,NTD,nonpolar/hydrophobic,aromatic,polar/neutral,hydroxylic,-1.0316176,-0.5590569,-1.4141639839673008,-1.387265027678438,29021
3261,E156G,0.58624387,-2.7116508,0.51000977,0.28109825,-1.9362135,-3.290624,-429.60382,-0.29787487,-2.5151865,0.037230615,0.7423942,0.08084783,E,G,156,S:0,6849,22621,29470,22516,29365,0.8387330047368421,-3.3111844421052634,-0.1971676477368421,0.0157766565263157,-2.526503205263157,-3.890157552631579,-430.3109989473684,-430.3109989473684,-0.563196464736842,-3.105476257894737,156,G,-0.09321,-0.187125,0.31761,,,,,,,,,,0.34369,0.589861751152074,-4.5500978,-1.0291093,-0.4044,-1.0951,spike,-2.696446776390076,S1,NTD,acidic,acidic,polar/neutral,aliphatic,-1.0316176,1.0671867,-1.0735713119941068,-1.0640590282093447,300
3222,E154K,0.9736246,-3.328649,-0.5447693,0.121599436,-2.7268338,-4.095895,-430.6586,-0.6456463,-3.4940796,0.01664085,0.5243236,0.030376695,E,K,154,S:0,19098,17506,36604,14496,33594,0.802769304736842,-2.959110305263158,-0.0251288199473684,0.1615901274210526,-2.362573552631579,-3.726356068421053,-430.1389573684211,-430.1389573684211,-0.6056555873684211,-3.129819305263158,154,K,-0.04779,-1.3176750000000002,0.43955,,,,,,,,,,0.00707,0.774193548387097,-3.1449707,-0.768135,0.0236,-0.814,spike,-3.2429966926574707,S1,NTD,acidic,acidic,basic,basic,-1.0316176,2.3065389,-0.9663722551070908,-0.9952289924268034,6359
3173,W152C,1.1725978,-2.6407175,-0.09133911,0.45926332,-2.4433074,-3.699336,-430.20517,-0.59935534,-3.501926,0.024739947,0.54916555,0.030139282,W,C,152,S:0,21282,20395,41677,18553,39835,1.8167644068421047,-2.5665933947368424,-0.6930317168421053,0.4933810966105263,-2.142922510526316,-3.625212,-430.8068610526316,-430.8068610526316,-0.5652375736842106,-3.201541147368421,152,C,-0.003937,-0.3961,-0.0250999999999999,,,,,,,,,,0.19199,0.940092165898618,-6.566455,-1.6939416,-0.8391,-1.1457,spike,-2.757319927215576,S1,NTD,nonpolar/hydrophobic,aromatic,polar/neutral,sulphur-containing,-0.9768478,-1.5539204,-1.4805102382910802,-1.482764634837383,120946
3186,W152R,1.9810977,-3.0070252,-1.2279968,0.2532887,-2.6665154,-4.065644,-431.34183,-0.80533,-3.7251341,0.017151944,0.44694045,0.024109865,W,R,152,S:0,23718,17745,41463,10673,34391,1.8167644068421047,-2.5665933947368424,-0.6930317168421053,0.4933810966105263,-2.142922510526316,-3.625212,-430.8068610526316,-430.8068610526316,-0.5652375736842106,-3.201541147368421,152,R,-0.01511,-0.21323,-0.0622799999999999,,,,,,,,,,0.19199,0.940092165898618,-6.1818115,-0.9701211,-0.8391,-1.1457,spike,-2.9794888496398926,S1,NTD,nonpolar/hydrophobic,aromatic,basic,basic,-0.9768478,3.6280391,-0.8129277044954895,-0.8236956022296547,38062
3070,K147E,0.7183589,-4.0949817,-0.70040894,-0.25729692,-3.339277,-4.5977435,-430.81424,-0.7600586,-3.8420386,0.010074544,0.467639,0.021449829,K,E,147,S:0,12507,14357,26864,13400,25907,0.7584728021052631,-3.5046493526315787,-0.2126561225871578,-0.0800699284736842,-2.633823368421053,-4.007411036842106,-430.3264878947368,-430.3264878947368,-0.5828315936842106,-3.136584994736842,147,E,0.01638,0.001585,-0.21125,,,,,,,,,,0.16859,0.919354838709677,-2.081543,-0.6201651,1.6272,0.3424,spike,-3.5617408752441406,S1,NTD,basic,basic,acidic,acidic,-0.726968,2.3065389,-0.9338904335664442,-0.9626998248011228,14866
3059,H146Q,0.5882071,-3.048234,-0.27215576,0.19122398,-2.574314,-3.9357123,-430.386,-0.69625443,-3.4617925,0.01953178,0.49844876,0.03137348,H,Q,146,S:0,6943,18687,25630,16826,23769,0.7558369073684211,-2.7118296736842105,-0.3127055921578947,0.3333453044210526,-2.213856910526316,-3.599308021052632,-430.4265363157895,-430.4265363157895,-0.5541331084210527,-3.101335257894737,146,Q,0,0.016805,-0.015045,,,,,,,,,,0.05742,0.880184331797235,-3.7303954,-0.9954026,-0.1156,-0.903,spike,-2.5070921182632446,S1,NTD,basic,basic,polar/neutral,hydroxylic,-0.7528613,0.1644402,-1.1450872322976569,-1.0928022643686448,3645
3036,Y145N,0.89587677,-4.0837526,-1.3947449,-0.26672176,-2.7313697,-4.3716435,-431.50858,-0.5546125,-3.0192604,0.0126304645,0.57429475,0.048837326,Y,N,145,S:0,17760,15601,33361,10003,27763,1.221690615263158,-4.210128105263158,-1.4610258463157897,-0.3199761156842105,-2.9202293157894736,-4.498018968421053,-431.5748563157894,-431.5748563157894,-0.6078668794736842,-3.2081199842105264,145,N,0.04239,-0.335595,-0.2811,,,,,,,,,,0.18475,0.725806451612903,-0.3686768,-1.0156322,-0.0087,-0.9434,spike,-3.921843826770784,S1,NTD,polar/neutral,aromatic,polar/neutral,hydroxylic,-0.8300247,-0.9459482,-1.412422027395816,-1.5013074290823618,15584
2964,G142D,0.78789747,-4.1186714,-0.44076538,-0.3028882,-2.7269573,-4.4043317,-430.5546,-0.5885485,-3.0126176,0.012224273,0.5551325,0.049162824,G,D,142,S:0,15006,15405,30411,15324,30330,0.9092634236842106,-4.2025825368421055,-0.4152173467105263,-0.3874053179473684,-2.896131984210526,-4.488242810526316,-430.5290489473684,-430.5290489473684,-0.6730655889473685,-3.1817922631578948,142,D,0,0,0,,,,,,42.73,-0.579879,5.28,0.727273059,0.77824,0.474654377880184,-1.4039551,-0.7900655,-0.6228,-0.6348,spike,-3.717838674783706,S1,NTD,polar/neutral,aliphatic,acidic,acidic,-1.0316176,1.2514207,-1.1361049797844411,-1.1884631740230245,6557852
2897,D138Y,0.7126212,-3.065093,0.29608154,0.07566589,-2.4035726,-3.6380048,-429.81775,-0.49724573,-2.976484,0.026304774,0.60820353,0.05097173,D,Y,138,S:0,12271,20812,33083,21569,33840,0.9058690221052632,-3.4358535157894736,-0.0919992576894736,-0.0979851638421052,-2.6427741315789475,-4.008765242105263,-430.2058294736842,-430.2058294736842,-0.6708967947368422,-3.2156857736842106,138,Y,-0.1388,-0.5721499999999999,0.20548,,,,,,43.56,2.76539,1.58,0.384673705,0.09398,0.412442396313364,-3.0787353,-0.9045753,0.0575,-0.9661,spike,-3.788279175758362,S1,NTD,acidic,acidic,polar/neutral,aromatic,-1.0124396,0.9934931,-1.09677592255705,-1.2265654416311331,158143
2651,V127F,0.56089205,-3.53455,-0.322052,-0.06891599,-2.463209,-3.8753254,-430.43588,-0.4096915,-2.8039844,0.020747583,0.663855,0.06056826,V,F,127,S:0,5712,19095,24807,16374,22086,0.7999478326315789,-4.030791521052632,-0.587864925,-0.3179244091052632,-2.8852219,-4.371567005263158,-430.70169526315794,-430.70169526315794,-0.6586999236842106,-3.2259973894736844,127,F,-0.008458,-0.3416949999999999,-0.32375,,,,,,43.89,3.63297,4.26,0.727273059,0,0.463901689708141,-4.8076415,-1.7188924,-0.8372,-0.903,spike,-4.518452316522598,S1,NTD,nonpolar/hydrophobic,aliphatic,nonpolar/hydrophobic,aromatic,-1.3463289,-2.0329287,-1.810802113244112,-2.0441607425889026,1482
1982,T95I,1.5820525,-3.3988318,-0.66937256,-0.029751271,-2.334623,-3.778271,-430.7832,-0.4091903,-2.7140622,0.022862187,0.6641878,0.06626707,T,I,95,S:0,23120,19848,42968,13606,36726,0.9183960547368422,-3.912516626315789,-0.5944374463157894,-0.2686032097894736,-2.825811436842105,-4.2919556684210525,-430.70826736842105,-430.70826736842105,-0.6480422305263158,-3.205250563157895,95,I,-0.05093,-0.10997,-0.023145,,,,,,37.08,-1.28999,3.99,0.727273059,0.29221,0.470814132104455,-2.9932128,-1.3869074,-1.2366,-1.2041,spike,-3.793722987174988,S1,NTD,polar/neutral,hydroxylic,nonpolar/hydrophobic,aliphatic,-1.485884,-0.4853633,-1.6173012526413182,-1.727984643654728,4352022
1723,V83A,0.5033827,-4.0941644,-0.08340454,-0.22390288,-2.7557254,-4.385619,-430.19724,-0.5153576,-3.0471802,0.012455174,0.59728694,0.047492653,V,A,83,S:0,3447,15513,18960,18625,22072,0.6274663289473684,-4.216642836842105,0.1036200270210526,-0.3484927318894736,-2.9176153263157896,-4.5080976368421055,-430.0102105263158,-430.0102105263158,-0.6399474657894736,-3.209070121052632,83,A,0,0.1494,-0.0831,,,,,,38.99,4.27519,4.41,1,0.04189,0.532258064516129,-5.9365967,-1.8297435,-0.6449,-0.9229,spike,-3.59028884768486,S1,NTD,nonpolar/hydrophobic,aliphatic,nonpolar/hydrophobic,aliphatic,-1.4047221,-1.627614,-1.8062076302935857,-1.8395948217521176,1640
1660,D80A,0.586082,-3.1996174,-0.13061523,0.086731195,-2.4241424,-3.7824755,-430.24445,-0.4961269,-3.0070004,0.022766262,0.6088844,0.04943975,D,A,80,S:0,6842,19817,26659,18144,24986,0.6778841747368421,-3.362138710526316,0.2365738760526315,-0.0661364832105263,-2.5886201578947365,-3.9449968157894735,-429.87725736842106,-429.87725736842106,-0.6489945689473684,-3.171478236842105,80,A,-0.04156,-0.0623949999999999,0.1067549999999999,,,,,,37.71,1.41534,3.28,0.528926103,0.04147,0.451612903225806,-6.0334473,-1.2242148,-0.7483,-1.2245,spike,-3.397070825099945,S1,NTD,acidic,acidic,nonpolar/hydrophobic,aliphatic,-1.1455288,1.4172313,-1.104787766999517,-1.164354417787912,38918
1583,T76I,0.88855785,-4.0272107,0.32086182,-0.19195227,-2.310327,-4.199709,-429.79297,-0.36445042,-2.4828253,0.014999942,0.6945783,0.08350696,T,I,76,S:0,17612,16742,34354,21717,39329,0.9543889821052632,-4.832430331578947,-0.4520890105263158,-0.5541223884210527,-3.1687468,-5.004928584210526,-430.5659194736842,-430.5659194736842,-0.7266205426315789,-3.341245036842105,76,I,0.007737,-0.14269,-0.018191,,,,,,,,,,0.02339,0.691244239631336,0.3437744,-0.9835049,-0.452,-0.0884,spike,-3.766608387231827,S1,NTD,polar/neutral,hydroxylic,nonpolar/hydrophobic,aliphatic,-1.0337489,-0.4853633,-1.3878846223276198,-1.4542970946233624,82479
1572,G75V,0.67584515,-2.362015,0.54608154,0.3318049,-1.616189,-2.9397407,-429.56775,-0.24592075,-2.1939147,0.05287944,0.78198415,0.11147949,G,V,75,S:0,10810,23500,34310,22644,33454,0.9170707689473684,-3.494934036842105,0.1535194813368421,-0.1203337762105263,-2.673005878947368,-4.072659642105263,-429.96031052631577,-429.96031052631577,-0.6980594289473684,-3.250731494736842,75,V,-0.02153,-0.008235,0.06088,,,,,,,,,,0.01998,0.755760368663594,-1.0321777,-1.1902399,-0.6868,-0.7001,spike,-2.2078118324279785,S1,NTD,polar/neutral,aliphatic,nonpolar/hydrophobic,aliphatic,-1.0317817,-1.4618034,-1.4660270046763042,-1.4179296237552648,22221
1404,A67V,0.5933553,-3.2781913,-0.5307007,0.023928404,-2.35876,-3.7319598,-430.64453,-0.42984003,-2.8125286,0.023945859,0.6506132,0.06005295,A,V,67,S:0,7189,20172,27361,14591,21780,0.6625612373684211,-3.6183853,-0.5435357384210526,-0.1434492538526315,-2.668392142105263,-4.072153763157894,-430.6573652631579,-430.6573652631579,-0.59721769,-3.1221606368421053,67,V,-0.01799,-0.173875,0.1058149999999999,,,,,,37.88,0.162284,3.82,1,0.14052,0.375576036866359,-1.2964844,-1.2785665,-0.9334,-0.176,spike,-3.555132806301117,S1,NTD,nonpolar/hydrophobic,aliphatic,nonpolar/hydrophobic,aliphatic,-1.1455288,-1.627614,-1.598100686111826,-1.6774065193467496,2589429
1118,L54F,0.43283266,-3.6004896,-0.18771362,-0.08882117,-2.5260668,-3.9368868,-430.30154,-0.42521846,-2.862464,0.019508855,0.6536269,0.057127822,L,F,54,S:0,1490,18676,20166,17597,19087,0.6691470542105263,-4.065551405263157,-0.5336367973684211,-0.3317930144210526,-2.9329548,-4.401948547368422,-430.6474678947369,-430.6474678947369,-0.6681903063157895,-3.2693519631578947,54,F,,-0.2974,0.05375,,,,,,32.04,0.49033,4.95,1,0.03522,0.470046082949309,-4.8881104,-2.3933537,-1.7221,-1.1087,spike,-3.754727303981781,S1,NTD,nonpolar/hydrophobic,aliphatic,nonpolar/hydrophobic,aromatic,-1.9634608,-2.0145053,-2.510949718120636,-2.6026978304548725,19888
1078,Q52H,0.5912231,-4.2160325,-0.40164185,-0.5823707,-3.5469463,-4.8886747,-430.51547,-1.2550128,-4.2195883,0.0075313966,0.2850722,0.014704698,Q,H,52,S:0,7089,13090,20179,15679,22768,0.6506260173684211,-3.165310205263158,0.00003533626315789591,0.0197123820526315,-2.482421026315789,-3.837952210526316,-430.1137942105263,-430.1137942105263,-0.6529296726315789,-3.1550630263157893,52,H,-0.0722,0.13657,0.110355,,,,,,30.2,5.12888,2.64,1,0.00707,0.548387096774194,-6.4099122,-2.2434873,-1.7646,-1.3606,spike,-4.472279787063599,S1,NTD,polar/neutral,hydroxylic,basic,basic,-1.9710602,0.1644402,-2.1679910596720564,-2.348492079027864,3645
1086,Q52R,0.5790851,-3.468794,-0.1628418,-0.008165121,-2.7577665,-4.141436,-430.27667,-0.6808072,-3.4304085,0.0159,0.50620824,0.032373715,Q,R,52,S:0,6531,17151,23682,17836,24367,0.6506260173684211,-3.165310205263158,0.00003533626315789591,0.0197123820526315,-2.482421026315789,-3.837952210526316,-430.1137942105263,-430.1137942105263,-0.6529296726315789,-3.1550630263157893,52,R,0.02627,0.1222999999999999,-0.17295,,,,,,30.2,-0.0980134,6.94,1.374999372,0.00707,0.548387096774194,-6.9325195,-2.139556,-1.7646,-1.3606,spike,-3.631200075149536,S1,NTD,polar/neutral,hydroxylic,basic,basic,-1.9710602,1.6751588,-1.916986903157488,-1.996782531655898,8147
1039,S50L,0.60755575,-3.4046984,0.27374268,0.0075260103,-2.261623,-3.7176936,-429.8401,-0.30546927,-2.574618,0.024289927,0.7367775,0.07618292,S,L,50,S:0,7779,20261,28040,21454,29233,0.6306621052631578,-4.085570168421053,-0.1362192249999999,-0.3323274000894736,-2.870143947368421,-4.398565452631579,-430.25005,-430.25005,-0.6453226884210527,-3.183139157894737,50,L,,,2.418,,,,,,29,-7.03482,2.38,0.528926103,0.00384,0.41705069124424,5.4134033,-2.0997232,-0.2772,0.3707,spike,-3.916876345872879,S1,NTD,polar/neutral,hydroxylic,nonpolar/hydrophobic,aliphatic,-2.1483849,-0.7064441,-2.567860353771038,-2.699012026240947,1032
562,A27S,0.41089606,-2.8865306,-0.13613892,0.16034949,-2.094346,-3.4423368,-430.24997,-0.39545667,-2.6501522,0.031989843,0.6733725,0.07064046,A,S,27,S:0,1080,21982,23062,18088,19168,0.6082793426315789,-3.432407552631579,-0.0082397455263157,-0.0841650071789473,-2.6435281684210525,-3.988213689473684,-430.12206842105263,-430.12206842105263,-0.6399711684210526,-3.1993343210526315,27,S,0,0,0,,,,,,34.95,-0.757362,9.58,1.374999372,0.58107,0.69815668202765,,-1.7826483,,,spike,-2.876791775226593,S1,NTD,nonpolar/hydrophobic,aliphatic,polar/neutral,hydroxylic,-1.1325495,-1.2222992,-1.4904409144468778,-1.4943627386855098,25135
541,P26S,0.5213684,-3.0027559,-0.28689575,0.10167447,-2.2128682,-3.4982011,-430.40073,-0.39377075,-2.7083135,0.030251754,0.6745087,0.06664912,P,S,26,S:0,4108,21712,25820,16698,20806,0.6951937610526315,-3.618898889473684,-0.1710510247368421,-0.1700038583157894,-2.7461861315789475,-4.114344131578948,-430.2848810526316,-430.2848810526316,-0.6654490847368421,-3.2416314105263155,26,S,,,,,,,,,,,,,0.64148,0.711981566820276,,-1.9764393,,,spike,-2.999037504196167,S1,NTD,nonpolar/hydrophobic,aliphatic,polar/neutral,hydroxylic,-1.2916524,-1.811848,-1.697575986113393,-1.711270094110193,166631
437,R21T,0.94643354,-1.8106924,1.164917,0.8841976,-1.2913774,-2.9071622,-428.9489,-0.2122722,-2.3878472,0.054630537,0.8087445,0.091827154,R,T,21,S:0,18660,23550,42210,23759,42419,0.8056254884210526,-2.507072052631579,0.6038786298947368,0.4039289809999999,-2.110992521052632,-3.603541863157895,-429.50995,-429.50995,-0.69254078,-3.207462326315789,21,T,0.1112,0.12695,-0.1322865,,,,,,,,,,0.04636,0.788018433179724,,-1.3792803,,,spike,-1.7743988037109375,S1,NTD,basic,basic,polar/neutral,hydroxylic,-1.3358512,2.6147522,-1.006192667709308,-0.941959200357266,9563
411,T20N,0.7595543,-4.3955307,-0.54589844,0.011354506,-3.1617906,-4.6904798,-430.65973,-0.2835944,-3.4567394,0.00918228,0.75307196,0.031532407,T,N,20,S:0,14053,13926,27979,14485,28538,0.7084160747368421,-4.270127389473684,-0.0147753242105263,-0.3104759901052631,-3.0384376157894737,-4.56507637368421,-430.1286063157895,-430.1286063157895,-0.6054249,-3.333386473684211,20,N,-0.07367,0.1244,0.0061335,,,,,,,,,,0.06942,0.684331797235023,,-1.8055801,,,spike,-3.3882671296596527,S1,NTD,polar/neutral,hydroxylic,polar/neutral,hydroxylic,-1.146376,-1.3144162,-1.6090649561298744,-1.5908983266371983,143560
386,T19I,1.1065072,-5.546566,0.55822754,-0.54147816,-3.0856955,-5.6162148,-429.5556,-0.611127,-3.1553442,0.0036383872,0.5427388,0.042623725,T,I,19,S:0,20716,10444,31160,22687,43403,1.0772816752631578,-5.778640247368421,-0.1811218288421052,-0.6880069705263159,-3.334149652631579,-5.848288963157895,-430.29495157894735,-430.29495157894735,-0.7576558289473684,-3.403798389473684,19,I,0,0,0,,,,,,,,,,0.89333,0.76036866359447,,-1.6508484,,,spike,-4.539698377251625,S1,NTD,polar/neutral,hydroxylic,nonpolar/hydrophobic,aliphatic,-1.1180801,-0.4853633,-1.5295653041430377,-1.6278838508388354,3125164
393,T19R,1.1690295,-6.0868187,-0.48553467,-0.62158895,-3.5740318,-6.1564674,-430.59937,-0.6912378,-3.6436806,0.0021197281,0.5009556,0.026155896,T,R,19,S:0,21257,9114,30371,14953,36210,1.0772816752631578,-5.778640247368421,-0.1811218288421052,-0.6880069705263159,-3.334149652631579,-5.848288963157895,-430.29495157894735,-430.29495157894735,-0.7576558289473684,-3.403798389473684,19,R,0.05485,-1.00175,0.270345,,,,,,,,,,0.89333,0.76036866359447,,-1.259872,,,spike,-5.352084890007973,S1,NTD,polar/neutral,hydroxylic,basic,basic,-1.1180801,2.6147522,-1.165121215314102,-1.3930364226787124,5145123
362,L18F,0.4430123,-3.2494981,0.33859253,0.059239283,-1.8688024,-3.464392,-429.77524,-0.15565462,-2.0836964,0.03129203,0.85585475,0.12446928,L,F,18,S:0,1717,21878,23595,21794,23511,0.749841182631579,-4.869496515789473,-1.4516023321052631,-0.5010031221578948,-3.2933673684210527,-5.084390342105263,-431.565432631579,-431.565432631579,-0.7158970368421054,-3.508261231578947,18,F,-0.07437,-0.285555,-0.185,,,,,,,,,,0.13038,0.5,,-2.1174019,,,spike,-3.68553563952446,S1,NTD,nonpolar/hydrophobic,aliphatic,nonpolar/hydrophobic,aromatic,-1.4374721,-2.0145053,-1.8574202554725407,-1.9593360855763309,271386
260,S13I,1.7014878,-9.799476,-1.7618713,-0.699874,-6.7151766,-9.833577,-431.8757,-0.73397565,-6.749278,0.000053620603,0.47999692,0.0011717252,S,I,13,S:0,23349,4704,28053,8843,32192,1.0454892573684211,-8.859862878947368,-3.2094116447368424,-2.7587965556842104,-6.395605021052631,-8.893964247368421,-433.3232415789473,-433.3232415789473,-2.7928981776842106,-6.429706478947368,13,I,-0.00863,-0.32105,-0.55417,,,,,,,,,,0.01007,0.615207373271889,,-2.1149778,,,spike,-8.245222862809896,S1,NTD,polar/neutral,hydroxylic,nonpolar/hydrophobic,aliphatic,-1.7364540351851854,-0.3379761,-2.398776202923652,-3.0799625754714697,122954
89,L5F,0.48424518,-4.556292,-0.438385,-0.098429285,-1.6615148,-4.5775976,-430.55222,-0.11973479,-1.6828203,0.010279562,0.88715565,0.18584909,L,F,5,S:0,2841,14465,17306,15347,18188,0.8101063357894737,-8.922545489473684,-3.6558404315789472,-3.3530919265789474,-6.165306810526316,-8.943850752631578,-433.7696705263157,-433.7696705263157,-3.374397390526316,-6.186612142105264,5,F,-0.06358,0.16106,0.02699,,,,,,,,,,0.06052,0.601382488479263,,-2.4121823,,,spike,-4.484143458306789,S1,NTD,nonpolar/hydrophobic,aliphatic,nonpolar/hydrophobic,aromatic,-1.7364540351851854,-2.0145053,-2.24855242358464,-2.40819978874957,277873